-- phpMyAdmin SQL Dump
-- version 5.2.0
-- https://www.phpmyadmin.net/
--
-- Máy chủ: 127.0.0.1
-- Thời gian đã tạo: Th12 20, 2022 lúc 05:17 PM
-- Phiên bản máy phục vụ: 10.4.25-MariaDB
-- Phiên bản PHP: 8.1.10

SET SQL_MODE = "NO_AUTO_VALUE_ON_ZERO";
START TRANSACTION;
SET time_zone = "+00:00";


/*!40101 SET @OLD_CHARACTER_SET_CLIENT=@@CHARACTER_SET_CLIENT */;
/*!40101 SET @OLD_CHARACTER_SET_RESULTS=@@CHARACTER_SET_RESULTS */;
/*!40101 SET @OLD_COLLATION_CONNECTION=@@COLLATION_CONNECTION */;
/*!40101 SET NAMES utf8mb4 */;

--
-- Cơ sở dữ liệu: `bansach`
--

-- --------------------------------------------------------

--
-- Cấu trúc bảng cho bảng `admin`
--

CREATE TABLE `admin` (
  `id_admin` int(11) NOT NULL,
  `fullname` varchar(100) NOT NULL,
  `username` varchar(100) NOT NULL,
  `password` varchar(100) NOT NULL
) ENGINE=InnoDB DEFAULT CHARSET=utf8mb4;

--
-- Đang đổ dữ liệu cho bảng `admin`
--

INSERT INTO `admin` (`id_admin`, `fullname`, `username`, `password`) VALUES
(1, 'Nguyễn Quốc Trung', 'trung@gmail.com', 'e10adc3949ba59abbe56e057f20f883e');

-- --------------------------------------------------------

--
-- Cấu trúc bảng cho bảng `cthd`
--

CREATE TABLE `cthd` (
  `id_hoadon` int(11) DEFAULT NULL,
  `id_sach` int(11) DEFAULT NULL,
  `soluong` int(11) DEFAULT NULL
) ENGINE=InnoDB DEFAULT CHARSET=utf8mb4;

--
-- Đang đổ dữ liệu cho bảng `cthd`
--

INSERT INTO `cthd` (`id_hoadon`, `id_sach`, `soluong`) VALUES
(2052165639, 1004, 1),
(2052165639, 1003, 1),
(2052132652, 1003, 1),
(2052321815, 1012, 1),
(1671093652, 1052, 1),
(2052621044, 1001, 3),
(2052621044, 1003, 1),
(2052621044, 1011, 1),
(2052621044, 1004, 4),
(1671531498, 1083, 1),
(1671531498, 1089, 1),
(1671531498, 1003, 1),
(2052748861, 1053, 4),
(2052748861, 1069, 2),
(2052748861, 1073, 2),
(2052748861, 1082, 2),
(2052455631, 1034, 2),
(2052455631, 1062, 4),
(2052844061, 1060, 7),
(2052844061, 1017, 3),
(2052844061, 1090, 2),
(2052844061, 1078, 1),
(2052896503, 1019, 2),
(2052896503, 1076, 4),
(2052896503, 1068, 1),
(2052862627, 1085, 1),
(2052862627, 1080, 1),
(2052862627, 1043, 1),
(2052854726, 1002, 2),
(2052854726, 1003, 4),
(2052600148, 1074, 1),
(2052600148, 1087, 1),
(2052600148, 1092, 1),
(2052600148, 1070, 4),
(2052751654, 1027, 2),
(2052751654, 1084, 2),
(2052751654, 1029, 3),
(2052751654, 1048, 2),
(2052751654, 1059, 3),
(2052530184, 1061, 2),
(2052530184, 1064, 4),
(2052530184, 1051, 2),
(2052530184, 1037, 1),
(2052529312, 1011, 1),
(2052529312, 1085, 1),
(1671548223, 1003, 1);

-- --------------------------------------------------------

--
-- Cấu trúc bảng cho bảng `danhmuc`
--

CREATE TABLE `danhmuc` (
  `id_danhmuc` int(11) NOT NULL,
  `ten_danhmuc` varchar(255) NOT NULL,
  `id_parent` int(11) NOT NULL
) ENGINE=InnoDB DEFAULT CHARSET=utf8mb4;

--
-- Đang đổ dữ liệu cho bảng `danhmuc`
--

INSERT INTO `danhmuc` (`id_danhmuc`, `ten_danhmuc`, `id_parent`) VALUES
(0, 'Sách mới sản xuất', 36),
(1, 'Văn học Việt Nam', 0),
(2, 'Tiểu thuyết', 1),
(3, 'Truyện ngắn', 1),
(4, 'Thơ / kịch', 1),
(5, 'Hồi ký / phê bình / Tiểu luận', 1),
(6, 'Tạp bút / Tản Văn', 1),
(7, 'Văn học nước ngoài', 0),
(8, 'Đương đại', 7),
(9, 'Lãng mạn', 7),
(10, 'Trinh thám / Kinh dị', 7),
(11, 'Kiếm hiệp ', 7),
(12, 'Kinh điển', 7),
(13, 'Thơ / kịch', 7),
(14, 'Hồi ký / Tiểu luận', 7),
(15, 'Huyền ảo / giả tưởng', 7),
(16, 'Tản văn / tạp bút', 7),
(17, 'Thiếu nhi', 0),
(18, 'Tuổi teen', 17),
(19, 'Truyện tranh', 17),
(20, 'Thiếu nhi', 17),
(21, 'Thời sự - chính trị', 0),
(22, 'Hồi ký / tự truyện', 21),
(23, 'Thế giới hiện đại', 21),
(24, 'Khoa học - Nhân văn', 0),
(25, 'Lịch sử', 24),
(26, 'Triết học', 24),
(27, 'Tâm lý học', 24),
(28, 'Kinh tế', 24),
(29, 'Vũ trụ', 24),
(30, 'Sinh học', 24),
(31, 'Tham khảo', 0),
(32, 'Giảm giá đặc biệt', 36),
(33, 'Sách bán chạy', 35),
(34, 'Sách mới - tái bản', 35);

-- --------------------------------------------------------

--
-- Cấu trúc bảng cho bảng `giohang`
--

CREATE TABLE `giohang` (
  `id_giohang` int(11) NOT NULL,
  `ten_sach` varchar(255) NOT NULL,
  `id_sach` int(11) NOT NULL,
  `gia` int(11) NOT NULL,
  `soluong` int(11) NOT NULL,
  `hinhanh` varchar(255) NOT NULL
) ENGINE=InnoDB DEFAULT CHARSET=utf8mb4;

-- --------------------------------------------------------

--
-- Cấu trúc bảng cho bảng `hoadon`
--

CREATE TABLE `hoadon` (
  `id_hoadon` int(11) NOT NULL,
  `id_nguoidung` int(11) NOT NULL,
  `sdt` varchar(100) NOT NULL,
  `diachi` varchar(100) NOT NULL,
  `tonghd` int(11) NOT NULL,
  `ngayhd` date NOT NULL,
  `ghichu` varchar(255) NOT NULL,
  `thanhtoan` varchar(50) NOT NULL,
  `tinhtrang` int(11) NOT NULL,
  `trangthai` int(11) NOT NULL
) ENGINE=InnoDB DEFAULT CHARSET=utf8mb4;

--
-- Đang đổ dữ liệu cho bảng `hoadon`
--

INSERT INTO `hoadon` (`id_hoadon`, `id_nguoidung`, `sdt`, `diachi`, `tonghd`, `ngayhd`, `ghichu`, `thanhtoan`, `tinhtrang`, `trangthai`) VALUES
(1671093652, 34, '02695125', 'KTX khu a', 163800, '2022-09-09', '', 'Thanh toán qua Momo', 2, 1),
(1671531498, 36, '0355978908', 'KTX khu A', 156170, '2022-09-24', '', 'Thanh toán qua Momo', 2, 1),
(1671548223, 34, '028372 52002', 'KTX khu a', 33320, '2022-12-20', '', 'Thanh toán qua Momo', 0, 1),
(2052132652, 34, '0355978908', 'KTX khu A', 93100, '2022-09-29', 'Giao hàng cẩn thận', 'Thanh toán khi nhận hàng', 2, 1),
(2052165639, 34, '0355978908', 'KTX khu A', 93100, '2022-09-18', 'Giao hàng cẩn thận', 'Thanh toán ATM', 2, 1),
(2052321815, 34, '0355978908', 'KTX khu A', 151200, '2022-09-03', 'Giao hàng cẩn thận', 'Thanh toán khi nhận hàng', 2, 1),
(2052455631, 35, '02695125', 'KTX khu A', 411600, '2022-09-27', 'Giao hàng cẩn thận', 'Thanh toán khi nhận hàng', 2, 1),
(2052529312, 36, '0123456789', 'KTX khu A', 110740, '2022-12-20', 'Giao hàng cẩn thận', 'Thanh toán ATM', 2, 1),
(2052530184, 34, '0355978908', 'KTX khu A', 516950, '2022-12-20', 'Giao hàng cẩn thận', 'Thanh toán khi nhận hàng', 2, 1),
(2052600148, 34, '0355978908', 'KTX khu A', 267540, '2022-12-20', 'Giao hàng cẩn thận', 'Thanh toán ATM', 2, 1),
(2052621044, 34, '0355978908', 'KTX khu A', 790500, '2022-09-26', 'Giao hàng cẩn thận', 'Thanh toán ATM', 2, 1),
(2052748861, 36, '0123456789', 'Kiên Giang', 575260, '2022-09-21', 'Giao hàng cẩn thận', 'Thanh toán khi nhận hàng', 2, 1),
(2052751654, 34, '0355978908', 'KTX khu A', 1354150, '2022-12-20', 'Giao hàng cẩn thận', 'Thanh toán khi nhận hàng', 2, 1),
(2052844061, 35, '02695125', 'KTX khu A', 744870, '2022-09-10', 'Giao hàng cẩn thận', 'Thanh toán ATM', 2, 1),
(2052854726, 35, '028372 52002', 'KTX khu A', 200900, '2022-12-20', 'Giao hàng cẩn thận', 'Thanh toán khi nhận hàng', 2, 1),
(2052862627, 35, '028372 52002', 'KTX khu A', 182210, '2022-12-20', 'Giao hàng cẩn thận', 'Thanh toán ATM', 2, 1),
(2052896503, 35, '028372 52002', 'KTX khu A', 378770, '2022-09-15', 'Giao hàng cẩn thận', 'Thanh toán khi nhận hàng', 2, 1);

-- --------------------------------------------------------

--
-- Cấu trúc bảng cho bảng `khuyenmai`
--

CREATE TABLE `khuyenmai` (
  `id_km` int(11) NOT NULL,
  `ten_ctkm` varchar(100) NOT NULL,
  `ngay_bd` date NOT NULL,
  `ngay_kt` date NOT NULL,
  `discount` double NOT NULL
) ENGINE=InnoDB DEFAULT CHARSET=utf8mb4;

--
-- Đang đổ dữ liệu cho bảng `khuyenmai`
--

INSERT INTO `khuyenmai` (`id_km`, `ten_ctkm`, `ngay_bd`, `ngay_kt`, `discount`) VALUES
(1, 'Khuyến mãi tết', '2022-11-01', '2022-11-30', 0.3);

-- --------------------------------------------------------

--
-- Cấu trúc bảng cho bảng `nguoidung`
--

CREATE TABLE `nguoidung` (
  `id_nguoidung` int(11) NOT NULL,
  `tennguoidung` varchar(100) NOT NULL,
  `gioitinh` varchar(10) NOT NULL,
  `sdt` varchar(100) NOT NULL,
  `diachi` varchar(255) NOT NULL,
  `email` varchar(100) NOT NULL,
  `matkhau` varchar(100) NOT NULL,
  `namsinh` date DEFAULT NULL
) ENGINE=InnoDB DEFAULT CHARSET=utf8mb4;

--
-- Đang đổ dữ liệu cho bảng `nguoidung`
--

INSERT INTO `nguoidung` (`id_nguoidung`, `tennguoidung`, `gioitinh`, `sdt`, `diachi`, `email`, `matkhau`, `namsinh`) VALUES
(34, 'Đỗ Mạnh Tuấn', 'Nam', '0355978908', 'KTX khu A', '23072002td@gmail.com', '0a49dd9af0104d505403a2aba1f1293a', '2002-07-23'),
(35, 'Chu Quyết Thắng', 'Nam', '028372 52002', 'KTX khu a', 'thangcris@gmail.com', '2213046aaf694f644a5516bf1b990fc2', '2002-06-18'),
(36, 'Nguyễn Đức Thuần', 'Nam', '0123456789', 'Kiên Giang', 'thuan@gmail.com', 'e10adc3949ba59abbe56e057f20f883e', '2002-05-20');

-- --------------------------------------------------------

--
-- Cấu trúc bảng cho bảng `sach`
--

CREATE TABLE `sach` (
  `id_sach` int(11) NOT NULL,
  `id_danhmuc` int(11) NOT NULL,
  `ten_sach` varchar(255) NOT NULL,
  `sotrang_sach` int(11) NOT NULL,
  `tacgia` varchar(255) NOT NULL,
  `ngayphathanh` date NOT NULL,
  `gia` double NOT NULL,
  `namxb` date NOT NULL,
  `hinhanh` longtext NOT NULL,
  `mota` longtext NOT NULL
) ENGINE=InnoDB DEFAULT CHARSET=utf8mb4;

--
-- Đang đổ dữ liệu cho bảng `sach`
--

INSERT INTO `sach` (`id_sach`, `id_danhmuc`, `ten_sach`, `sotrang_sach`, `tacgia`, `ngayphathanh`, `gia`, `namxb`, `hinhanh`, `mota`) VALUES
(1001, 34, 'Một hoạ sĩ phù thế', 299, 'Kazuo Ishiguro', '2022-11-16', 169000, '2015-05-25', 'img1.png', 'Matsuji Ono, một họa sĩ nổi tiếng đã đem nghệ thuật của mình phụng sự cho đế quốc Nhật bước vào Thế chiến II, giờ đây chật vật trong cuộc sống hậu chiến ở nước Nhật bại trận với những tổn thương ghê gớm trong tinh thần. Những dằn vặt của hiện tại bi thảm và những hảo quang của tuổi trẻ đầy lý tưởng xoắn xuýt vào nhau trong lời kể của một ông già tuổi xế chiều.<br>\r\n\r\n<p style=\"font-weight:bold; display:inline-block;\">Một họa sĩ phù thể</p> mổ xẻ một cách khéo léo và tới tận cùng tâm hồn của nước Nhật thời hậu chiến, rồi khám phá ở đó một lòng tự tôn bị tổn thương, những mặc cảm tội lỗi, và sau hết là nỗi bẽ bàng sâu sắc. Kazuo Ishiguro truy vấn nhân vật của mình không hề khoan nhượng, để có thể lột trần được thế giới tinh thần tưởng như phẳng lặng, và buộc nhân vật phải đối diện với quá khứ. Nhưng sự nghiêm khắc ấy của tác giả lại không hề tàn nhẫn: nó hòa lẫn với một sự dịu dàng và niềm cảm thống ghê gớm với những con người mang bi kịch thời đại.<br>\r\n\r\n \r\n\r\n<p style=\"font-weight:bold; display:inline-block;\">Kazuo Ishiguro</p> là nhà văn Anh gốc Nhật nổi tiếng thế giới. Ông sinh ra tại Nagasaki, Nhật Bản, theo gia đình sang Anh sinh sống từ năm 1960. Ông tốt nghiệp trường Đại học Kent năm 1978 và nhận bằng Thạc sĩ khóa sáng tác văn chương của trường Đại học East Anglia năm 1980. Hiện ông sinh sống và làm việc tại London cùng vợ và con gái.\r\n\r\nIshiguro được xem là một trong những nhà văn Anh ngữ nói bật nhất hiện nay. Ông là một trong những nhà văn hiếm hoi cùng lúc sở hữu hai giải thưởng văn chương danh giá: giải Man Booker (1989) và giải Nobel Văn chương (2017).\r\n\r\nNhững tác phẩm của Kazuo Ishiguro đã được Nhã Nam xuất bản:\r\n\r\n- Mãi dừng xa tôi\r\n\r\n- Dạ khúc\r\n\r\n- Người khổng lồ ngủ quên\r\n\r\n- Cảnh đôi mở xám\r\n\r\n- Tàn ngày để lại'),
(1002, 34, 'Một chỗ trong đời', 98, 'Annie Ernaux', '2022-11-16', 69000, '2010-08-07', 'img2.png', 'Một người cha không bao giờ bước chân vào viện bảo tàng, chỉ đọc báo địa phương, không dùng gì khác ngoài con dao Opinel của riêng mình để ăn. Một người cha xuất thân nông dân rồi trở thành công nhân và cuối cùng là chủ một tiệm cà phê kiêm cửa hàng tạp phẩm. Một người cha luôn lo lắng bị nhầm “vị trí”. Cũng người cha ấy lấy làm tự hào về cô con gái nhờ được học hành tử tế mà đã đặt chân được vào giới tiểu tư sản. Nhưng đằng sau đó là khoảng cách, là những đớn đau, giằn vặt giữa cha và con.\r\n\r\nMột chỗ trong đời là câu chuyện về cuộc đời người cha ấy, được kể lại dưới ngòi bút của cô con gái, một cách lạnh lùng nhất có thể, với lối viết hờ hững, không cảm xúc, như những gì xảy đến tự nhiên. Chính lối viết tưởng như giản dị ấy đã mang lại cho Annie Ernaux giải Renaudot năm 1984.'),
(1003, 34, 'Thành ngữ tục ngữ Việt nam', 87, 'Trần Quang Đức - Nguyễn Quang Linh - Đặng Hồng Quân', '2022-11-16', 68000, '2004-10-15', 'img3.png', 'Mỗi người có một miền quê thương mến, rộng ra cho cả cộng đồng thì đó chính là cội nguồn dân tộc. Trân trọng nguồn cội dấu yêu là nền tảng căn bản để từng người con lớn lên lành mạnh. Để hiểu về dân tộc mình thì bước đầu tiên là học rành rẽ ngôn ngữ, câu chữ từ xưa truyền lại.\r\n\r\nÔng cha ta để lại rất nhiều cụm từ, câu nói, bài thơ ngắn gọn, giản dị, giàu nhịp điệu và hình ảnh... Thuộc những cụm từ ấy, ta giàu thêm vốn từ, ta biết thêm kinh nghiệm, và tâm hồn ta cũng “giàu có” rất nhiều. Đó là những câu thành ngữ, tục ngữ, ca dao, dân ca... Cuốn sách này lựa ra những thành ngữ và tục ngữ thường gặp và dễ hiểu với bạn đọc trên 3 tuổi, thêm chú dẫn những khái niệm cổ và khó, thêm các cụm từ gần gặn... giúp các bạn đọc ít mà hiểu nhiều.'),
(1004, 34, 'Kinh khủng gì - đâu', 26, 'Julia Dohaldson, Axel Scheffler', '2022-11-16', 65000, '2006-01-03', 'img4.png', 'Kinh khủng Gì Đâu nằm trong số những quái vật được yêu mến nhất mọi thời đại. Từ lần đầu xuất bản năm 1999, câu chuyện về cuộc đụng độ giữa Gì Đâu và chú chuột nâu trong khu rừng sâu thẳm đã chinh phục trái tim trẻ nhỏ và người lớn trên toàn thế giới. Câu chuyện là sáng tạo của Julia Donaldson và Axel Scheffler, bộ đôi nhà văn-họa sĩ thành công nhất trong địa hạt sách tranh, Kinh khủng Gì Đâu là một câu chuyện cổ hiện đại mà cả chuột và quái vật đều trở thành những ngôi sao trên sân khấu lẫn giờ kể chuyện. Năm năm sau ngày Kinh khủng Gì Đâu, Bé Gì Đâu được xuất bản, cuốn sách đã chứng tỏ được sức cuốn hút của mình và được bình chọn là Cuốn sách thiếu nhi của năm tại giải thưởng British Book of the Year năm 2015. Tương tự, Kinh khủng Gì Đâu cũng đạt rất nhiều giải thưởng, bao gồm Nestlé Smartie Proze và Blue Peter Award cho Cuốn sách đọc thành tiếng hay nhất – và năm 2009 được bình chọn là Câu chuyện trước khi đi ngủ hay nhất tại Anh. Kinh khủng Gì Đâu được yêu thích bởi độc giả toàn cầu, cả hai cuốn sách đều được chuyển thể thành phim, được lồng tiếng bởi Robbie Coltrane, James Corden, John Hurt và Helena Bonham Carter.'),
(1005, 34, 'Người con', 265, 'Georges Simenon', '2022-12-02', 130000, '1970-12-01', 'img5.png', '<p style=\"font-style:italic;\">“Chúng ta sống lại trong con cái mình</p>\r\n\r\nỞ đâu đó, cha đã đọc được rằng sau khi chết, chúng ta còn được hưởng một quãng \'sống thêm\' cả trăm năm nữa, trước khi những người từng quen biết chúng ta, những người được nghe nói đến chúng ta một cách trực tiếp, đến lượt họ cũng biến mất khỏi cuộc đời. Rồi sau đó mới là sự lãng quên, hoặc huyền thoại được kể lại.... Và quãng sống thêm ấy phụ thuộc vào người chứng kiến đầu tiên, phụ thuộc vào đứa con.\r\n\r\nCha sắp có một đứa con, nó sẽ nhìn cha sống rồi sẽ truyền lại cho con cái nó hình ảnh về cha được khắc ghi trong tâm trí nó.”\r\n\r\nCâu chuyện của một người kể về cha mình với con trai, với những chiêm nghiệm về gia đình, về những khác biệt thế hệ và và những hy sinh thầm lặng của người trước dành cho người sau. Cái dòng chảy ấy của huyết thống, tưởng âm thầm lặng lẽ mà thực ra lại luôn mạnh mẽ và bền bỉ giữa những thăng trầm và sóng gió cuộc đời, để rồi mỗi người càng thấm thía hơn những tầng sâu ý nghĩa của hai chữ “gia đình\".<br>\r\n\r\n \r\n\r\n<p style=\"font-weight:bold; display:inline-block;\">Georges Simenon</p> sinh ngày 13 tháng Hai năm 1903 tại Liège (Bỉ), mất tại Lausanne (Thụy Sĩ) ngày 4 tháng Chín năm 1989.\r\n\r\nBan đầu là phóng viên, sau là tác giả với nhiều bút danh khác nhau của hàng loạt tiểu thuyết danh tiếng, Simenon đã tạo ra nhân vật thanh tra Maigret đưa ông đến với thành công trên khắp thế giới. Ông đã xuất bản khoảng 200 tiểu thuyết, 155 truyện ngắn và 25 tự truyện được dịch ra trên 50 ngôn ngữ tại 50 quốc gia khác nhau, chuyển thể thành hơn 70 bộ phim và tiêu thụ hơn 800 triệu bản trên toàn thế giới.\r\n\r\nSimenon còn là:\r\n\r\n- tác giả tiếng Pháp trong thế kỷ 20 được dịch nhiều nhất thế giới\r\n\r\n- tác giả tiếng Pháp được dịch nhiều thứ ba trong mọi thời đại, chỉ sau Jules Verne và Alexandre Dumas\r\n\r\n- tác giả được dịch nhiều thứ ba trong mọi thời đại ở Mỹ và Anh (theo UNESCO)'),
(1006, 8, 'Kẻ dị biệt tại trường học phép thuật 2', 280, 'Sato Tsutomu', '2018-11-16', 96000, '2022-07-20', 'img6.png', ''),
(1007, 2, 'Tắt đèn (Danh tác)', 231, 'Ngô Tất Tố', '2018-07-30', 60000, '2020-02-05', 'img7.png', '“Đánh ‘xoảng’ một cái, cái bát ở mâm lý cựu bay thẳng sang mâm lý đương. Và đánh ‘chát’ một cái, cái chậu ở chiếu lý đương cũng đập luôn vào cây cột bên cạnh lý cựu. Nước canh, nước mắm bắn ra tứ tung. Hết thảy mọi người đều lố nhố đứng dậy…\r\n\r\nChánh tổng sực tan giấc mộng, ngơ ngác hỏi giật hỏi giọng:\r\n\r\n- Cái gì thế? Cái gì thế? Nốc cho lắm rồi nói bậy! Người nào gây chuyện với người nào?”'),
(1008, 8, 'Cây Cam Ngọt Của Tôi', 244, 'José Mauro de Vasconcelos', '2020-12-11', 108000, '2018-10-10', 'img8.png', 'Vị chua chát của cái nghèo hòa trộn với vị ngọt ngào khi khám phá ra những điều khiến cuộc đời này đáng sống... một tác phẩm kinh điển của Brazil.”\r\n- Booklist\r\n\r\n“Một cách nhìn cuộc sống gần như hoàn chỉnh từ con mắt trẻ thơ… có sức mạnh sưởi ấm và làm tan nát cõi lòng, dù người đọc ở lứa tuổi nào.”\r\n- The National\r\n\r\nHãy làm quen với Zezé, cậu bé tinh nghịch siêu hạng đồng thời cũng đáng yêu bậc nhất, với ước mơ lớn lên trở thành nhà thơ cổ thắt nơ bướm. Chẳng phải ai cũng công nhận khoản “đáng yêu” kia đâu nhé. Bởi vì, ở cái xóm ngoại ô nghèo ấy, nỗi khắc khổ bủa vây đã che mờ mắt người ta trước trái tim thiện lương cùng trí tưởng tượng tuyệt vời của cậu bé con năm tuổi.\r\n\r\nCó hề gì đâu bao nhiêu là hắt hủi, đánh mắng, vì Zezé đã có một người bạn đặc biệt để trút nỗi lòng: cây cam ngọt nơi vườn sau. Và cả một người bạn nữa, bằng xương bằng thịt, một ngày kia xuất hiện, cho cậu bé nhạy cảm khôn sớm biết thế nào là trìu mến, thế nào là nỗi đau, và mãi mãi thay đổi cuộc đời cậu.\r\nMở đầu bằng những thanh âm trong sáng và kết thúc lắng lại trong những nốt trầm hoài niệm, Cây cam ngọt của tôi khiến ta nhận ra vẻ đẹp thực sự của cuộc sống đến từ những điều giản dị như bông hoa trắng của cái cây sau nhà, và rằng cuộc đời thật khốn khổ nếu thiếu đi lòng yêu thương và niềm trắc ẩn. Cuốn sách kinh điển này bởi thế không ngừng khiến trái tim người đọc khắp thế giới thổn thức, kể từ khi ra mắt lần đầu năm 1968 tại Brazil.\r\n\r\nTÁC GIẢ:\r\nJOSÉ MAURO DE VASCONCELOS (1920-1984) là nhà văn người Brazil. Sinh ra trong một gia đình nghèo ở ngoại ô Rio de Janeiro, lớn lên ông phải làm đủ nghề để kiếm sống. Nhưng với tài kể chuyện thiên bẩm, trí nhớ phi thường, trí tưởng tượng tuyệt vời cùng vốn sống phong phú, José cảm thấy trong mình thôi thúc phải trở thành nhà văn nên đã bắt đầu sáng tác năm 22 tuổi. Tác phẩm nổi tiếng nhất của ông là tiểu thuyết mang màu sắc tự truyện Cây cam ngọt của tôi. Cuốn sách được đưa vào chương trình tiểu học của Brazil, được bán bản quyền cho hai mươi quốc gia và chuyển thể thành phim điện ảnh. Ngoài ra, José còn rất thành công trong vai trò diễn viên điện ảnh và biên kịch.'),
(1009, 8, 'Ngôi Nhà Bên Bờ Biển Xanh Thẳm', 640, 'T.J.Klune', '2022-11-05', 174000, '2022-04-30', 'img9.png', '(The House in the Cerulean Sea – T.J.Klune)\r\n\r\nSách bán chạy của New York Times, USA Today và Washington Post.\r\n\r\nĐoạt giải thưởng Alex Awards 2021 - Giải thưởng hàng năm tôn vinh 10 cuốn sách viết cho người lớn có sức hấp dẫn đặc biệt.\r\n\r\nĐoạt giải thưởng RUSA Awards 2021 - Hạng mục tiểu thuyết giả tưởng.\r\n\r\nLọt danh sách \"Những cuốn sách được mong đợi nhất mùa xuân 2020\" của Publishers Weekly.\r\n\r\nLọt danh sách \"20 cuốn sách giả tưởng thú vị phải đọc\" của Book Riot.\r\n\r\nLinus Baker là một nhân viên công tác xã hội làm việc tại Sở Phụ Trách Thanh Thiếu Niên Nhiệm Màu. Anh nhận nhiệm vụ xác định xem sáu đứa trẻ “trông có vẻ nguy hiểm” và đang sinh sống tại đảo Marsyas liệu có khả năng mang đến ngày tận thế hay không.\r\n\r\nArthur Parnassus là chủ trại trẻ mồ côi. Anh là người yêu thương, quan tâm và sẽ làm bất cứ điều gì để bọn trẻ được an toàn, ngay cả khi điều đó có nghĩa là thế giới sẽ bùng cháy và những bí mật anh muốn giấu kín bị phơi bày.\r\n\r\nNgôi nhà bên bờ biển xanh thẳm là một cuốn sách nhẹ nhàng và ngọt ngào, chứa đựng những bài học đời thường mà đôi khi con người quên mất. Rằng những điều bất ngờ nhất, phù hợp nhất sẽ vô tình xuất hiện khi bạn không mong chờ nhất.\r\n\r\n“Nhà không phải lúc nào cũng là ngôi nhà nơi ta sống. Đó còn là những người chúng ta lựa chọn để ở bên…”'),
(1010, 2, 'Một Thoáng Ta Rực Rỡ Ở Nhân Gian', 304, 'Ocean Vuong', '2021-12-15', 135000, '2021-02-01', 'img10.png', '“Vuong thực sự có thiên tài quan sát.” The New York Times\r\n\r\n“Với một xuất thân bên rìa hết sức xa lạ, Vuong đã viết nên một tác phẩm trữ tình về quá trình tự khám phá chính mình, vừa thành thật đến choáng váng, vừa phổ quát trong từng câu chữ.” The Washington Post\r\n\r\n“Bằng sự chính xác của một nhà thơ, Ocean Vuong xem xét liệu biến kinh nghiệm của chúng ta thành từ ngữ có thể chữa lành những vết thương trải hàng thế hệ hay không, và liệu tiếng nói của ta có thể nào thực sự được nghe bởi những người ta yêu thương nhất.” Celeste Ng\r\n\r\nMột thoáng ta rực rỡ ở nhân gian viết dưới dạng một lá thư của nhân vật chính, Chó Con, gửi cho người mẹ không biết chữ của mình. Dưới dạng những mẩu chuyện nhỏ, xen kẽ với những đoạn trữ tình ngoại đề, triết lý, và những bài thơ, cuốn sách kể câu chuyện đời không chỉ của Chó Con (tên gọi yêu do bà ngoại đặt cho, nhưng cũng là cách tất cả mọi người trong sách gọi cậu) từ thuở nhỏ đến lúc chớm trưởng thành, mà cả ba thế hệ từ bà, đến mẹ, đến cậu, một cuộc di cư dài từ làng quê Việt Nam sang đất Mỹ, cũng như câu chuyện của những thanh niên Mỹ thế hệ cậu mà đặc trưng là người bạn trai Trevor.\r\n\r\nCuốn sách thường được đọc như một Bildungsroman (tiểu thuyết trưởng thành), nhưng cũng có nhiều người coi đây là một Künstlerroman (tiểu thuyết kể về quá trình một người nghệ sĩ trở thành nghệ sĩ).\r\n\r\nTÁC GIẢ:\r\nOcean Vuong sinh năm 1988 ở Sài Gòn với tên Vương Quốc Vinh.\r\n\r\nOcean Vuong - đã sáng tác thơ và ấp ủ mong muốn được làm nhà thơ từ những năm cấp 3 - dần dần nhập vào giới thơ ca ở New York, rồi tiếp đó được nhận vào trường Brooklyn College thuộc Đại học thành phố New York. Anh đã xuất bản hai tập thơ mỏng (chapbook) No (2013) và Burnings (2010) cũng như tham gia nhiều cuộc biểu diễn thơ (open mic) trước khi tập thơ đầu tay, Night Time with Exit Wounds, giành được giải thưởng trong một cuộc thi và được chính thức xuất bản, biến anh trong chớp mắt thành một ngôi sao. Tiểu thuyết đầu tay Một thoáng ta rực rỡ ở nhân gian được cả đống báo lớn kể tên trong danh sách các cuốn sách đáng mong chờ nhất năm 2019, khi ra đời lập tức nhảy vào danh sách Bestseller của New York Times cùng được bầu chọn là Cuốn sách của năm của vô số báo, tạp chí, trang văn học mạng, và càn quét cả đống giải thưởng (chi tiết xem ở đây: https://www.oceanvuong.com/copy-of-home). Anh sắp cho ra mắt tập thơ mới với tựa đề Time is a Mother, nhiều bài trong đó nói về nỗi đau mất mát khi mẹ anh qua đời năm 2020.\r\n\r\nHiện nay, Ocean Vuong tham gia giảng dạy chuyên ngành sáng tác ở trình độ Thạc sĩ nghệ thuật (MFA) ở trường Đại học Massachusetts Amherst.\r\n\r\nTÁC GIẢ NÓI VỀ SÁCH:\r\n\r\nThư viết cho Nhã Nam nhân bản dịch sắp ra: “Tôi thật tự hào và phấn khích khi cuốn sách sẽ được sống bằng tiếng Việt, thứ ngôn ngữ gần gũi nhất trong tôi với ý niệm về \"nhà\", thứ ngôn ngữ luôn làm sống dậy trong tôi mạnh mẽ nhất tình cảm gắn bó máu thịt, nỗi xúc động và niềm vui.”\r\n\r\n“Tôi không muốn gọi cuốn sách này (Một thoáng ta rực rỡ ở nhân gian) là một câu chuyện bi kịch. Tôi nghĩ những câu chuyện hay nhất đều có buồn và vui sánh vai nhau - bởi cuộc sống chính là như thế.” Anh nhận xét thói quen ở Mỹ thường cho rằng “một thứ gì đó chỉ có giá trị khi ta đã thuần phục, chinh phục hoặc hàng phục được nó. Nhưng trong cuốn sách này tôi muốn đi theo một cách tiếp cận khác. Không có nạn nhân, không có kẻ thủ ác.”\r\n\r\nGIẢI THƯỞNG:\r\nLONGLIST for the National Book Award\r\nWINNER of the American Book Award\r\nWINNER of the Mark Twain American Voice in Literature Award\r\nWINNER of the New England Book Award\r\nWINNER of the Massachusetts Book Award\r\nWINNER of the Connecticut Book Award\r\nWINNER of the Brooklyn Public Library Literary Prize\r\nWINNER of the Publishing Triangle’s Ferro-Grumley Award for LGBTQ Fiction\r\nWINNER of the Digital Book World: Best Book\r\nHonor Title for the 2020 Asian Pacific American Award for Literature & 2020 Stonewall Book Awards’ Barbara Gittings Literature Award\r\nFinalist/Shortlist for the 2020 PEN/Faulkner Award, Lambda Literary Award, Kirkus Review Book Prize, Center For Fiction’s 2019 First Novel Prize, Goodreads Choice Award for Best Fiction, Goodreads Choice Award for Best Debut Novel, Dylan Thomas Prize, Lambda Literary Award, VCU Cabell First Novelist Award, Dublin Literary Award, Premio Terzani Prize, & Kulturhuset Stadsteatern International Literature Prize\r\nLonglist for the Andrew Carnegie Medal for Excellence & PEN/Hemingway Award for Debut Novel.'),
(1011, 2, 'Sông Ngân Khi Tỏ Khi Mờ', 184, 'Nguyễn Quang Riệu', '2019-05-31', 77000, '2019-04-24', 'KEJYZJBV.jpg', 'Trong cuốn sách này, Giáo sư Nguyễn Quang Riệu, nhà khoa học danh tiếng, nhà vật lý thiên văn có đóng góp đáng kể trong lĩnh vực vật lý thiên văn vô tuyến của thế giới trong những năm 1970, đã giúp các bạn đọc trẻ có được vốn hiểu biết cơ bản về vũ trụ: những người cổ đại, từ Ai Cập, Babylon, Hy Lạp đến Trung Hoa có quan niệm thế nào về vũ trụ, vũ trụ ẩn hiện trong văn hóa dân gian Việt Nam ra sao, rồi cũng vũ trụ ấy được nhìn từ phương diện khoa học: nguồn gốc và sự hình thành vũ trụ, trong đó có dải Ngân hà và hệ Mặt Trời, nơi chúng ta đang sống…\r\n\r\n \r\n\r\n“Thông qua cách sắp xếp độc đáo của cuốn sách, qua việc giảng giải các truyền thuyết hay trình bày một cách sáng sủa những thành tựu mũi nhọn của khoa học, và nhờ việc sưu tầm xuất sắc các hình ảnh minh họa, Nguyễn Quang Riệu đã thực sự hoàn thành một công trình văn hóa. Chúng ta biết ơn ông đã chia sẻ với chúng ta hai nền văn hóa mà ông hấp thụ được.”\r\n\r\n- Françoise Praderie, Nhà thiên văn tại Đài thiên văn Paris'),
(1012, 2, 'Lòng Tốt Của Bạn Cần Thêm Đôi Phần Sắc Sảo', 264, 'Mộ Nhan Ca', '2018-12-01', 108000, '2018-11-25', '6783URWS.jpg', '<p style=\"font-style:italic;\">Một người có thể sống cả đời theo cách mình thích là chuyện vô cùng khó khăn.</p>\r\n\r\n \r\n\r\n<p style=\"font-style:italic;\">Chúng ta không giây phút nào không bị thế giới bên ngoài chỉ trỏ, lâu dần sẽ quên mất tâm tư ban sơ, mất đi khả năng suy nghĩ độc lập và giữ vững cái tôi.\r\n\r\n \r\n\r\n<p style=\"font-style:italic;\">So với từng câu từng câu an ủi dịu dàng, tôi nghĩ chúng ta cần một chậu nước lạnh hơn. Nó sẽ giúp chúng ta tỉnh táo ý thức được tính tình cáu bẳn của mình, tầm nhìn và lòng dạ hạn hẹp của mình, EQ thấp của mình, và tất cả những vấn đề mà bản thân chúng ta không nhìn rõ, nhưng người khác thấy rõ mồn một mà không muốn nói cho chúng ta biết.</p>\r\n\r\n \r\n\r\n<p style=\"font-style:italic;\">Khi bạn khốn đốn, hoang mang, nếu đọc được cuốn sách này, mong rằng bạn có thể rút ra sức mạnh từ trong câu chữ của nó, đừng nộp vũ khí đầu hàng thế giới này.</p>\r\n\r\n \r\n\r\n<p style=\"font-style:italic;\">[...] Đời người là một quá trình thử sai, trưởng thành cũng không ngoại lệ. Nên làm những gì, đi con đường nào, mỗi người đều tuân theo tiếng nói của nội tâm, dò dẫm từng bước một. Vấp ngã, thì bò dậy; va vỡ đầu, thì lùi lại; đi đường sai, thì quay lại; lạc lối, thì ngừng chân…</p>\r\n\r\n \r\n\r\n<p style=\"font-style:italic;\">Cuộc đời của mỗi người mỗi khác, ai ai cũng phải tự mình trải qua, mỗi người đều có bài học nhân sinh cần bản thân một mình hoàn thành.</p>\r\n\r\n \r\n\r\n<p style=\"font-style:italic;\">Bởi vì từng trải, cho nên thấu hiểu.</p>\r\n\r\n \r\n\r\n<p style=\"font-style:italic;\">Nguyện cho tất cả những người không hiểu và thấu hiểu trên đời không ngừng trưởng thành nhưng vẫn tốt bụng như xưa!”</p>'),
(1013, 2, 'Thăm Thẳm Mùa Hè', 336, 'Nguyễn Dương Quỳnh', '2018-09-26', 115000, '2018-09-20', 'IVFUNACP.jpg', 'Cô công chúa nhỏ ấy đã chết rồi. Tự sát ư? Xinh đẹp, thông minh, danh giá và một tương lai ngời ngời trước mặt, dường như cô chẳng có lý do gì để làm thế. Hay ai đã giết cô? Có thể lắm chứ, cha cô là một nhà chính trị và chắc hẳn không ít kẻ thù. Nhưng chẳng có gì trong những manh mối để lại cho thấy đó là một vụ giết người.\r\n\r\n \r\n\r\nNguyên, Thụy, Nam Phong, mỗi người đều bị ám ảnh về cô theo những cách khác nhau, và đi tìm câu trả lời theo những cách khác nhau, để rồi đều nhận ra vị của trái táo xanh mùa hè năm nào, vị của thanh xuân, đã trở nên đắng ngắt.\r\n\r\n \r\n\r\nVới <p style=\"font-style:italic\">Thăm thẳm mùa hè</p>, Nguyễn Dương Quỳnh lần đầu tiên thách thức mình với trinh thám, một thể loại gần như còn trống vắng trong văn học Việt.'),
(1014, 2, 'Lặng yên cho nước chảy', 120, 'Mai Văn Phẩn', '2018-03-13', 70000, '2018-02-28', 'IZL2U1O6.jpg', '“Chiều nay em cho con bú. Ngoài kia từng chân kiến đang đi, từng cánh ong vẫn còn đang vỗ. Nơi anh về trú ngụ là ô trời xanh trong mắt em cười. Hạnh phúc nào bằng ta bên nhau thảnh thơi, như được xoải mình nơi chân đê cát mịn. Anh hôn lên ngực em căng đầy thơm mát, chiều ngọt ngào cánh cò cánh vạc, qua môi anh khẽ đậu xuống hồn. Căn phòng mình chẳng còn những bức tường bao quanh và không gian thành thời gian thánh thiện, khi anh mải mê nhìn vầng ngực em dâng đầy như biển, cứ thu mình tìm vào miệng con be bé xinh xinh...”'),
(1015, 2, 'Nằm Vạ (Danh tác)', 140, 'Bùi Hiển', '2017-04-05', 48000, '2017-04-01', 'YU8GQND3.jpg', '“Anh Đỏ vào lôi chị ra, chị bíu chặt lấy chân giường, miệng ngoặp vào chân chồng. Anh đau quá kêu lên: ‘Ái! Đồ chó cắn tề! Được, đã muốn nằm vạ, tau cho nằm.’\r\n\r\nBà mẹ chồng đang bán ngoại chợ mẻ cá mà con đánh được hồi đêm... vội chạy về. Với tất cả cái hùng hổ của những mụ già, mụ xăm xăm vào buồng... Mụ cúi định lôi dậy, lại bị ngoặp vào tay; mụ vừa chạy ra, vừa kêu như sắp bị chết chém: ‘Ủa làng nước ôi! Ủa làng nước ôi! Hắn cắn đứt tay tui rồi!’ ”'),
(1016, 3, 'Từ Điển Tiếng “Em” - Tái Bản 2021', 280, 'Khotudien', '2020-10-28', 69000, '2020-10-15', 'bia_tudientiengem-_1_.jpg', 'TỪ ĐIỂN TIẾNG “EM” – Định nghĩa về thế giới mới!\r\n\r\nBạn sẽ bất ngờ, khi cầm cuốn “từ điển” xinh xinh này trên tay.\r\n\r\nVà sẽ còn ngạc nhiên hơn nữa, khi bắt đầu đọc từng trang sách…\r\n\r\nDĩ nhiên là vì “Từ điển tiếng “Em” không phải là một cuốn từ điển thông thường rồi!\r\n\r\nNói đến “từ điển”, xưa nay chúng ta đều nghĩ về một bộ sách đồ sộ, giải thích ý nghĩa, cách dùng, dịch, cách phát âm, và thường kèm theo các ví dụ về cách sử dụng từ đó.\r\n\r\nTuy nhiên, với cuốn sách “Từ điển tiếng “em”, các bạn sẽ hết sức bất ngờ với những định nghĩa mới, bắt trend, sáng tạo, thông minh và vô cùng hài hước.\r\n\r\nTiếng “em” [danh từ] ở đây là tiếng lòng của những người yêu sự thật, ghét sự giả dối\r\n\r\nCô đơn [ tính từ ] không phải là không có ai bên cạnh, mà là người mình muốn ở cạnh lại không hề ở bên\r\n\r\nSống lỗi [ động từ ] là cách sống của mấy bạn có người yêu cái là bỏ bê bạn bè liền hà\r\n\r\nNhưng đây không chỉ là cuốn sách chỉ biết nói dăm ba câu chuyện về tình yêu.\r\n\r\nCòn nhiều hơn thế!\r\n\r\nLà những câu cửa miệng của giới trẻ thời nay; là hoạt động tưởng vô bổ nhưng cần thiết cho sự sống: ăn, ngủ, tắm, gội cũng được định nghĩa hết sức dí dỏ Và cũng không thiếu những “tật xấu, thói hư” nghĩ đến đã thấy “tức cái lồng ngực”\r\n\r\nVà bạn yên tâm, “tập đoàn” Kho Từ Điển điều hành bởi Thịt Kho – Hiệp Thị - 2 chủ xị cho ra đời cuốn sách nhỏ bé xíu xiu nhưng mới mẻ và mặn mà vô cùng này sẽ khiến bạn thoát mác “người tối cổ” cười cả ngày không chán, nhìn bạn bè quanh mình bằng ánh mắt dễ thương, tận hưởng cuộc đời với những định nghĩa hoàn toàn!!!\r\n\r\nCuốn sách này giống như một chiếc hộp Pandora thú vị và hấp dẫn người đọc, vì bạn không thể đoán trước được tác giả sẽ “định nghĩa” câu nói đó theo nghĩa nào, cho ta thêm thích thú với những ngôn từ đáng yêu sử dụng mỗi ngày.\r\n\r\nVậy nên, ngay bây giờ, bạn đã sẵn sàng để mở ra những điều thú vị trong cuốn sách này chưa!!!\r\n\r\nGiá sản phẩm trên Tiki đã bao gồm thuế theo luật hiện hành. Bên cạnh đó, tuỳ vào loại sản phẩm, hình thức và địa chỉ giao hàng mà có thể phát sinh thêm chi phí khác như phí vận chuyển, phụ phí hàng cồng kềnh, thuế nhập khẩu (đối với đơn hàng giao từ nước ngoài có giá trị trên 1 triệu đồng).....'),
(1017, 3, 'Chùa Đàn', 126, 'Nguyễn Tuân', '2022-05-18', 60000, '2022-05-05', '9YLI42GM.jpg', '“Sau một cái tử biệt, giờ ta phải tính đến một nỗi sinh li khác. Đối với đàn, hát, từ bây giờ ta nguyện làm một người điếc một người cô đơn một người phản bội. Và trên vong linh Bá Nhỡ, ta thề độc là không bao giờ cầm đến một cái chén nào của cuộc đời này.”'),
(1018, 3, 'Việt Nam Danh Tác - Vang bóng một thời', 212, 'Nguyễn Tuân', '2022-08-01', 76000, '2022-07-27', 'KVS4799X.jpg', '<p style=\"font-weight:bold;\">Sơ lược về tác phẩm</p>\r\n \r\n \r\n\r\n“Chùa nhà ta có cái giếng này quý lắm. Nước rất ngọt. Có lẽ tôi nghiện trà tàu vì nước giếng chùa nhà đây. Tôi sở dĩ  không đi đâu xa được là vì không đem theo được nước giếng này đi để pha trà. Bạch sư cụ, sư cụ nhớ hộ tôi câu \r\n\r\nthế này: Là giếng chùa nhà mà cạn thì tôi sẽ cho không người nào muốn xin bộ đồ trà rất quý của tôi. Chỉ có nước \r\n\r\ngiếng  đây là pha trà không bao giờ lạc mất hương vị...”'),
(1019, 3, 'Đời Thừa', 136, 'Nam Cao', '2016-04-04', 42000, '2016-03-20', 'doithua.png', '<p style=\"color:red; font-weight:bold;\">Đời Thừa</p>\r\n\r\n<p style=\"font-weight:bold;\">Đời thừa</p> - ấn bản mới phát hành 2016 của Minh Long Book tuyển chọn những truyện ngắn đặc sắc của Nam Cao xoay quanh cuộc sống người trí thức, với những tuyên ngôn để đời của nhà văn Nam Cao về văn chương, nghệ thuật.\r\n\r\nQua sáng tác của mình, Nam Cao thể hiện quan điểm nghệ thuật rằng, một tác phẩm văn học phải vượt lên trên tất cả các bờ cõi và giới hạn, phải là một tác phẩm chung cho cả loài người.\r\n\r\n“Nó phải chứa đựng được một cái gì lớn lao, mạnh mẽ, vừa đau đớn, lại vừa phấn khởi; ca tụng tình yêu, bác ái, công bằng” và \"Văn chương không cần đến sự khéo tay, làm theo một cái khuôn mẫu. Văn chương chỉ dung nạp những người biết đào sâu, biết tìm tòi, khơi những nguồn chưa ai khơi và sáng tạo ra cái gì chưa có\". Ông đòi hỏi nhà văn phải có lương tâm, có nhân cách xứng với nghề; và cho rằng sự cẩu thả trong văn chương chẳng những là bất lương mà còn là đê tiện.\"\r\n\r\nGiá sản phẩm trên Tiki đã bao gồm thuế theo luật hiện hành. Bên cạnh đó, tuỳ vào loại sản phẩm, hình thức và địa chỉ giao hàng mà có thể phát sinh thêm chi phí khác như phí vận chuyển, phụ phí hàng cồng kềnh, thuế nhập khẩu (đối với đơn hàng giao từ nước ngoài có giá trị trên 1 triệu đồng).....'),
(1020, 8, 'Tuyển Tập Truyện Ngắn Miyazawa Kenji', 444, 'Miyazawa Kenji', '2022-01-05', 165000, '2022-01-01', 'truyenngankenji.jpg', '“Bạn có muốn biết, tại sao một nhà văn sống cách đây hơn một trăm năm lại xuất hiện trong lễ bế mạc Tokyo Olympic 2020 không? Bạn có muốn biết tại sao một nhà văn đồng thoại lại được giới thiệu đầy trân trọng trong buổi lễ bế mạc của một sự kiện thể thao lớn nhất hành tinh không? Hãy cùng chúng tôi lạc bước trong thế giới đồng thoại đầy huyễn tưởng của Miyazawa Kenji, một thế giới của thiên đường và hạ giới, nơi tràn ngập ánh sáng, âm thanh và sự chuyển động, nơi mà người và vật cộng sinh, cùng nghĩ về nhau, tha thứ và hi sinh vì hạnh phúc của người khác.”\r\n\r\n(Dịch giả An Nhiên)\r\n\r\n<p style=\"font-weight: bold\">GIỚI THIỆU TÁC GIẢ</p>\r\n\r\nMiyazawa Kenji (1896 – 1933) là nhà thơ, nhà văn viết truyện đồng thoại và là người mở ra thế giới độc đáo trong nền văn học Nhật Bản. Ông sinh tại Hanamaki, tỉnh Iwate. Bằng cảm nhận sâu sắc về những vấn đề nhân sinh ẩn chứa trong mỗi tác phẩm, Miyazawa Kenji dần chinh phục được đông đảo độc giả, trở thành một trong những nhà văn tiêu biểu của nền văn học Nhật Bản. Các tác phẩm đại diện đã được dịch sang tiếng Việt có thể kể đến là Chuyến tàu đêm trên dải ngân hà, Matasaburo – Cậu bé con Thần Gió, Quán ăn mè nheo lắm chuyện, Không chịu thua cả mưa (Thơ), Sớm mai vĩnh biệt (Thơ) …\r\n\r\nGiá sản phẩm trên Tiki đã bao gồm thuế theo luật hiện hành. Bên cạnh đó, tuỳ vào loại sản phẩm, hình thức và địa chỉ giao hàng mà có thể phát sinh thêm chi phí khác như phí vận chuyển, phụ phí hàng cồng kềnh, thuế nhập khẩu (đối với đơn hàng giao từ nước ngoài có giá trị trên 1 triệu đồng).....\r\n\r\n'),
(1021, 3, 'Phù Dung Ơi, Vĩnh Biệt', 380, 'Vũ Bằng', '2017-04-05', 86000, '2017-03-30', 'YVURRHGW.jpg', '“Kiếp sống rõ não nùng. Tôi không sợ gì cả, nhưng sợ chết và sợ không được hút đúng giờ đúng giấc. ‘Nếu nghiện, ta đâm đầu xuống sông!’ Câu quyết định ngày nào vẫn còn lẩn vẩn trong trí nhớ, nhưng tôi tự thấy không còn sức để làm theo nữa... Đến bây giờ tôi mới biết rằng, thuốc phiện làm cho người ta muốn sống không được mà muốn chết cũng không được nữa.”'),
(1022, 8, 'Chuyện Dài Thành Chuyện Ngắn', 265, 'Lisa Brown', '2022-06-06', 115000, '2022-05-26', 'chuyendaithanhchuyenngan.jpg', 'VĂN CHƯƠNG THÌ DÀI.\r\n\r\nTRUYỆN TRANH THÌ NGẮN.\r\n\r\nHãy thú thật đi, Proust có làm bạn đau khổ? Bạn có thấy Đời nhẹ khôn kham chỉ đơn giản là khôn kham? Có khi nào bạn thoáng khát khao muốn thấy mình và các tác phẩm nặng ký như Moby Dick hay thậm chí The Bhagavad Gita trở nên thân thiện với nhau hơn một chút?\r\n\r\nTrong tập sách nhỏ này, tác giả Lisa Brown đã thử một cách tiếp cận vui vẻ và hài hước tới 100 tác phẩm nổi tiếng: tóm tắt chúng trong ba khung tranh. Được chia thành nhiều chủ đề khác nhau, Chuyện dài thành chuyện ngắn thực sự là một cuộc dạo chơi thú vị qua thế giới văn chương.\r\n\r\nLisa Brown là tác giả, họa sĩ minh họa, nghệ sĩ hoạt họa nổi tiếng người Mỹ. Cô từng minh họa nhiều tác phẩm cho thiếu nhi như The Airport Book, How to Be; Goldfish Ghost; Mummy Cat; đồng thời là tác giả của graphic novel The Phantom Twin. Cô giảng dạy tại Khoa Minh họa trường Cao đẳng Nghệ thuật California. Hiện Lisa đang sống cùng chồng, nhà văn Daniel Handler, và con trai tại San Francisco. \r\n'),
(1023, 3, 'Vợ Nhặt', 232, 'Kim Lân', '2016-04-06', 60000, '2016-04-04', 'vonhat.jpg', '<p style=\"color:orange;\">Vợ Nhặt</p>\r\n\r\nKim Lân tên thật là Nguyễn Văn Tài (1921-2007), quê gốc: Thôn Phù Lưu, xã Tân Hồng, huyện Tiên Sơn, tỉnh Bắc Ninh. Đảng viên Đảng Cộng sản Việt Nam. Hội viên sáng lập Hội Nhà văn Việt Nam (1957). Nhà văn Kim Lân tham gia văn hóa Cứu quốc, trong kháng chiến chống Pháp công tác ở chiến khu Việt Bắc. Ông Từng là ủy viên Ban phụ trách Nhà xuất bản Văn học, trường bồi dưỡng những người viết trẻ, Tuần báo Văn nghệ, Nhà xuất bản Tác phẩm mới. Ông nhận Giải thưởng Nhà nước về Văn học Nghệ thuật năm 2000.\r\n\r\nTập truyện ngắn Vợ nhặt tập hợp những truyện ngắn đặc sắc nhất của Kim Lân – một cây bút truyện ngắn vững vàng, viết về cuộc sống và con người ở nông thôn bằng tình cảm, tâm hồn của một người vốn là con đẻ của đồng ruộng.\r\n'),
(1024, 8, 'Điều Kỳ Diệu Của Tiệm Tạp Hóa NAMIYA (Tái Bản)', 358, 'Higashino Keigo', '2017-07-14', 105000, '2018-07-07', 'dieukydieu.jpg', '<p style=\"font-weight:bold;\">Điều Kỳ Diệu Của Tiệm Tạp Hóa</p>\r\n\r\nMột đêm vội vã lẩn trốn sau phi vụ khoắng đồ nhà người, Atsuya, Shota và Kouhei đã rẽ vào lánh tạm trong một căn nhà hoang bên con dốc vắng người qua lại. Căn nhà có vẻ khi xưa là một tiệm tạp hóa với biển hiệu cũ kỹ bám đầy bồ hóng, khiến người ta khó lòng đọc được trên đó viết gì. Định bụng nghỉ tạm một đêm rồi sáng hôm sau chuồn sớm, cả ba không ngờ chờ đợi cả bọn sẽ là một đêm không ngủ, với bao điều kỳ bí bắt đầu từ một phong thư bất ngờ gửi đến…\r\n\r\nTài kể chuyện hơn người đã giúp Keigo khéo léo thay đổi các mốc dấu thời gian và không gian, chắp nối những câu chuyện tưởng chừng hoàn toàn riêng rẽ thành một kết cấu chặt chẽ, gây bất ngờ từ đầu tới cuối.\r\n\r\n \r\n\r\nGiá sản phẩm trên Tiki đã bao gồm thuế theo luật hiện hành. Bên cạnh đó, tuỳ vào loại sản phẩm, hình thức và địa chỉ giao hàng mà có thể phát sinh thêm chi phí khác như phí vận chuyển, phụ phí hàng cồng kềnh, thuế nhập khẩu (đối với đơn hàng giao từ nước ngoài có giá trị trên 1 triệu đồng).....'),
(1025, 3, 'Gió Lạnh Đầu Mùa', 220, 'Thạch Lam', '2016-04-10', 56000, '2016-04-04', 'giolanhdaumua.jpg', '<p style=\"color: orange;\">Gió Lạnh Đầu Mùa </p>\r\n\r\nTập truyện ngắn Gió lạnh đầu mùa tập hợp trọn vẹn những truyện ngắn đã đăng báo của Thạch Lam, thuộc các tập \"Gió đầu mùa\", \"Nắng trong vườn\" và \"Sợi tóc\".\r\n\r\nLời văn Thạch Lam nhiều hình ảnh, nhiều tìm tòi, có một cách điệu thanh thản, bình dị và sâu sắc. Văn Thạch Lam đọng nhiều suy nghiệm, là cái kết tinh của một tâm hồn nhạy cảm và từng trải về sự đời. Thạch Lam có những nhận xét tinh tế về cuộc sống hằng ngày. Xúc cảm của nhà văn Thạch Lam thường bắt nguồn và nảy nở lên từ những chân cảm đối với những con người ở tầng lớp dân nghèo thành thị và thôn quê. Thạch Lam là một nhà văn quý mến cuộc sống, trang trọng trước sự sống của mọi người chung quanh. Ngày nay đọc lại Thạch Lam, vẫn thấy đầy đủ cái dư vị và cái nhã thú của những tác phẩm có cốt cách và phẩm chất văn học.\r\n\r\nGiá sản phẩm trên Tiki đã bao gồm thuế theo luật hiện hành. Bên cạnh đó, tuỳ vào loại sản phẩm, hình thức và địa chỉ giao hàng mà có thể phát sinh thêm chi phí khác như phí vận chuyển, phụ phí hàng cồng kềnh, thuế nhập khẩu (đối với đơn hàng giao từ nước ngoài có giá trị trên 1 triệu đồng).....'),
(1026, 4, 'Thơ Xuân Diệu', 180, 'Xuân Diệu', '2019-04-05', 38000, '2019-04-01', 'thoxuandieu.jpg', 'Trong sự nghiệp sáng tác thơ văn của mình, Xuân Diệu được biết đến như là một nhà thơ lãng mạn trữ tình, “Nhà thơ mới nhất trong các nhà thơ mới” (Hoài Thanh), “Ông hoàng của thơ tình”.\r\nXuân Diệu là thành viên của Tự Lực Văn Đoàn và cũng đã là một trong những chủ soái của phong trào “Thơ Mới”. Tác phẩm tiêu biểu của ông ở giai đoạn này: Thơ Thơ (1938), Gửi hương cho gió (1945), truyện ngắn Phấn thông vàng (1939), Trường ca (1945).\r\nXuân Diệu tham gia ban chấp hành, nhiều năm là ủy viên thường vụ Hội Nhà văn Việt Nam. Từ đó, Xuân Diệu trở thành một trong những nhà thơ hàng đầu ca ngợi Cách mạng, một “dòng thơ công dân”. Bút pháp của ông chuyển biến phong phú về giọng vẻ: có giọng trầm hùng, tráng ca, có giọng chính luận, giọng thơ tự sự trữ tình. Tiêu biểu là: Ngọn quốc kỳ (1945), Một khối hồng (1964), Thanh ca (1982), Tuyển tập Xuân Diệu (1983).\r\nGiá sản phẩm trên Tiki đã bao gồm thuế theo luật hiện hành. Bên cạnh đó, tuỳ vào loại sản phẩm, hình thức và địa chỉ giao hàng mà có thể phát sinh thêm chi phí khác như phí vận chuyển, phụ phí hàng cồng kềnh, thuế nhập khẩu (đối với đơn hàng giao từ nước ngoài có giá trị trên 1 triệu đồng).....'),
(1027, 4, 'Thả Diều Trên Đê - Thơ Cho Thiếu Nhi', 88, 'Nhiều tác giả', '2020-05-10', 118000, '2020-05-01', 'thadieutrende.jpg', '<p style=\"font-weight:bold;\">Thả Diều Trên Đê - Thơ Cho Thiếu Nhi</p>\r\n\r\nNếu kết hợp cả thi ca và hội hoạ sẽ ra sao nhỉ? Để có câu trả lời, hãy lật giở từng trang trong cuốn sách này nhé!\r\nMỗi trang sách đưa ta lạc vào một không gian vô cùng đẹp đẽ, ý thơ được tái hiện bằng những nét vẽ hồn nhiên, trong sách, giàu cảm xúc. \"Một vé đi tuổi thơ\" với Con đường làng, Vườn cây của ba, Anh đom đóm, Chuồn chuồn ớt, Trâu lá mít, Chú bò tìm bạn,âm hồn ta như được tưới mát bởi những áng thơ trong trẻo.\r\nThả diều trên đê là tất cả tuổi thơ của tôi, của bạn và dành cho các thế hệ mai sau.\r\n\r\nGiá sản phẩm trên Tiki đã bao gồm thuế theo luật hiện hành. Bên cạnh đó, tuỳ vào loại sản phẩm, hình thức và địa chỉ giao hàng mà có thể phát sinh thêm chi phí khác như phí vận chuyển, phụ phí hàng cồng kềnh, thuế nhập khẩu (đối với đơn hàng giao từ nước ngoài có giá trị trên 1 triệu đồng).....'),
(1028, 4, 'Thơ Tố Hữu (Tái Bản 2016)', 220, 'Tố Hữu', '2016-04-22', 35000, '2016-03-17', 'tohuu.jpg', '<p style=\"color:orange; font-weight:bold;\">Thơ Tố Hữu</p>\r\n\r\n\"Tố Hữu là một nhà thơ lớn. nói đúng hơn, ông là nhà thơ lãng mạn cách mạng. Cả cuộc đời ông gắn bó với cách mạng. Thơ với đời là một. Trước sau đều nhất quán. Tố Hữu nhìn cách mạng bằng con mắt lãng mạn của một thi sĩ. Thơ ông dường như chỉ có một giọng. Đó là gióng hát từng bừng ca ngợi cách mạng. Đọc thơ ông trong bất cứ hoàn cảnh và tâm trạng nào. Ta cũng thấy phấn chấn, náo nức như đi trẩy hội. Đến đâu cũng nghe vang tiếng trống, tiếng kèn. Mà thơ ông đâu chỉ có trống phách linh đình như một đám rước, ông còn bắn cả 21 phát đại bác vang trời. Cho đến nay, chỉ có ông là nhà thơ Việt Nam duy nhất đã bắn đại bác trang trọng như thế.\"\r\n\r\n(Trích Chân dung và đối thoại - Trần Đăng Khoa)\r\n\r\nGiá sản phẩm trên Tiki đã bao gồm thuế theo luật hiện hành. Bên cạnh đó, tuỳ vào loại sản phẩm, hình thức và địa chỉ giao hàng mà có thể phát sinh thêm chi phí khác như phí vận chuyển, phụ phí hàng cồng kềnh, thuế nhập khẩu (đối với đơn hàng giao từ nước ngoài có giá trị trên 1 triệu đồng).....'),
(1029, 4, 'Tuyển Thơ Vương Trọng', 0, 'Vương Trọng', '2019-11-15', 188000, '2019-11-01', 'tuyenthovuongtrong.jpg', 'Nhà thơ Vương Trọng, tên khai sinh Vương Đình Trọng, sinh năm 1943 tại Đô Lương, Nghệ An. Ông tốt nghiệp khóa 7 Khoa Toán của Trường đại học Tổng hợp Hà Nội. Vương Đình Trọng có hơn 40 năm sáng tác thơ, hơn 30 năm làm biên tập thơ ở tạp chí Văn nghệ Quân đội. Ông là nhà thơ đặc biệt say mê Truyện Kiều của thi hào Nguyễn Du. Thơ ông có rất nhiều bài lấy cảm hứng từ Truyện Kiều. Ông hiện đã nghỉ hưu, sống cùng gia đình tại Hà Nội. Nhà xuất bản Văn học xin giới thiệu tác phẩm Tuyển thơ Vương Trọng gồm 256 bài thơ, mời các bạn đón đọc!\r\nGiá sản phẩm trên Tiki đã bao gồm thuế theo luật hiện hành. Bên cạnh đó, tuỳ vào loại sản phẩm, hình thức và địa chỉ giao hàng mà có thể phát sinh thêm chi phí khác như phí vận chuyển, phụ phí hàng cồng kềnh, thuế nhập khẩu (đối với đơn hàng giao từ nước ngoài có giá trị trên 1 triệu đồng).....'),
(1030, 4, 'Chờ Mãi Cơn Mưa Rào Rất Lạ (Thơ)', 320, 'Thanh Thảo', '2020-07-01', 120000, '2020-06-01', 'chomaiconmuaratla.jpg', 'Điều khiến độc giả thơ khá ngạc nhiên, vào cuối năm 2019, tập thơ mới nhất của Thanh Thảo Chờ mãi cơn mưa rào rất lạ (NXB Hội Nhà văn ấn hành) đang trở thành mối quan tâm của dư luận văn học và của chính các nhà thơ.\r\n\r\nVới tôi, định - danh - mới vềthơ Thanh Thảođược đến từ các chiều kích khác nhau củathế giớiđương đại đang phả vào thơ ông những hơi thở máu thịt, nóng rát của đời sống con người với nhiều xúc cảm chất chứa: “anh biết cái giá của ồn ào và lặng im/càng biết cái giá của không ồn ào và không im lặng/dù nước mắt rơi xuống tuyết hay rơi xuống sa mạc/vẫn là nước mắt thôi” (Đo ván)\r\n\r\nTheo nhà thơ Ngô Thế Oanh thì: “Ở tập thơ này, ta không gặp những gì đại ngôn, cao siêu, bí hiểm, như vẫn thường gặp ở nhiều nhà “cách tân” đình đám. Thanh Thảo không bao giờ muốn để mất đi hơi thở củacuộc sốnghôm nay. Nhưng cũng không muốn chỉ dừng lại trong hôm nay. Thơ anh luôn cần sự va chạm đến những gì ta nghĩ, ta cảm, ta lo âu, ta chờ đợi. Và chỉ từ đó, thơ anh chạm tới trái tim ta, lý trí ta, khiến ta mong được cùng tác giả chia sẻ”.\r\n\r\nCòn với nhà thơ Nguyễn Thụy Kha, anh phát hiện: “Cái choáng ngợp nhất ở thơ Thanh Thảo là sự tự do trong suy tưởng, trong vần điệu, trong cách lập tứ. Mọi bức xúc thời đại, mọi rung động đời thường qua thơ anh đều lấp lánh một thứ ánh sáng khác lạ - ánh sáng của sự tự do triệt để. Cái rễ cây thơ Thanh Thảo cứ vươn sâu, cứ tìm tòi không mệt mỏi trong bóng tối sáng tạo để cây thơ có khả năng dự báo”.\r\n\r\nVới 212 bài trên 300 trang thơ, Chờ mãi cơn mưa rào rất lạ đã mang đến cho người đọc một cơn mưa thi ca qua nhiều giai tầng âm thanh mới lạ và độc đáo, mang phong cách thơ của riêng ông.\r\n\r\nGiá sản phẩm trên Tiki đã bao gồm thuế theo luật hiện hành. Bên cạnh đó, tuỳ vào loại sản phẩm, hình thức và địa chỉ giao hàng mà có thể phát sinh thêm chi phí khác như phí vận chuyển, phụ phí hàng cồng kềnh, thuế nhập khẩu (đối với đơn hàng giao từ nước ngoài có giá trị trên 1 triệu đồng).....'),
(1031, 4, 'Họ Bột Hư Áo', 112, 'Nguyễn Thúy Hằng', '2012-12-22', 54000, '2012-12-18', 'AEHLHUJJ.jpg', '<p style=\"font-weight:bold;\">Họ, Bột Hư Ảo (Tập Thơ)</p>\r\n\r\n\r\n\"Ai đó có thể gọi Nguyễn Thúy Hằng là nghệ sĩ hậu hiện đại. Tôi chẳng có lý do để nói ngược lại. Song, mặt khác, tôi ưng nhìn tác phẩm của cô như một giá trị khu biệt, thách thức mọi cố gắng định hoại, bởi nghệ thuật của Thúy Hằng, với những yếu tố thơ-nhạc-họa hòa quyện kết dính đến mức không thể tìm ra mối hàn, là duy nhất trong loại của nó. Tôi nghiệm thấy những tập sách của Thúy Hằng, đặc biệt là HỌ-BỘT HƯ ÁO, có thể đọc rất tùy tiện bất kì đoạn nào - nhảy cóc, đảo ngược từ phần cuối trở lên - không theo trật tự do tác giả sắp xếp trong mục lục. Cái cấu trúc phản cấu trúc ấy, cái phiêu cuồng của tưởng tượng được tháo bỏ xích ấy, cái bất kham với mọi qui ước, định luật ấy, cộng hưởng với nhau, làm nên sự quyến rũ không phải không nhuốm chút tê tái của nghệ thuật Thúy Hằng.\r\nPhải, Nguyễn Thúy Hằng, trong mắt tôi, là thế.\"\r\n\r\n<p style=\"font-weight:bold;\">- Dương Tường</p>\r\n\r\n\r\n\"Mỗi lần đọc Thúy Hằng, tôi luôn luôn có cảm giác cô là một người sinh ra không phải cho thế giới này. Phần nào đó như tôi. Ấn tượng trong tôi khi đọc cô: tình yêu của cô đối với những thế giới khác - cùng với các quy luật khác biệt của chúng - mà chỉ mình cô biết, sự quả cảm của cô khi quá ít người trên thế giới sẵn lòng nghe cô, có thể hiểu cô. Sự tồn tại của cô, lý do tồn tại của cô là một bí ẩn. Cô biết rõ điều đó, và sáng tác của cô là nỗ lực không ngừng, can trường, không nhiều hy vọng hoặc không hy vọng, hòng đến gần được chừng nào hay chừng ấy cái bí ẩn đó.\"\r\n\r\n<p style=\"font-weight:bold;\">- Trần Tiễn Cao Đăng</p>\r\n\r\n\r\n\"Thơ của Nguyễn Thúy Hằng đem lại một hiện thể cực đoan cho cái định nghĩa Nghệ thuật là một hành động tự do. Sức gợi của những câu logo như \"Thời hôm nay, Khoái cảm và Điên rồ hợp lý\", hay như \"Bởi từ lâu chúng ta không thể ngủ\", hay như giờ đây của một mệnh đề giản lược nhưng mang tính hình tượng cao hơn - \"Họ - bột hư ảo\", bởi một cảm giác xa lạ và nghịch dị về logic dễ gây lạc hướng. Tuy nhiên chúng có một nội hàm thật sự, là những bài-thơ-truyện-kể, bằng thứ ngôn từ giản dị một cách đặc biệt, đem lại một sự tiếp xúc hầu như thực thể, hoàn toàn tươi mới, với các thứ chất liệu vật liệu trên đời này ta vẫn quen dùng.\r\nĐây là một vẻ đẹp làm biến đổi hoàn toàn những thói quen hùng biện và đa cảm của thơ.\"\r\n\r\n<p style=\"font-weight:bold;\">- Nguyễn Chí Hoan</p>\r\n'),
(1032, 4, 'Hãy Yêu Đời Dẫu Đời Có Trái Ngang', 192, 'Mai Thanh Hạ', '2022-06-25', 89000, '2022-06-06', 'hayyeudoidaudoicotraingang.jpg', '“Cuộc đời này vốn dĩ\r\nĐầy rẫy những khó khăn\r\nKhông có gì hoàn mỹ\r\nVà cũng chẳng công bằng.”\r\n\r\n“Hãy yêu đời dẫu đời có trái ngang” là tập thơ chứa đựng trong mỗi trang sách những nỗi niềm bâng khuâng khó tả, một sự run rẩy thoáng qua và một phút chốc ngẩn ngơ của chính chúng ta trước cuộc đời này.\r\n\r\nDành tặng cho những ai:\r\n\r\n- Đã và đang có những phút giây thấy tâm hồn mình chùng xuống trước thử thách của cuộc đời.\r\n- Đang loay hoay trượt dài trong giấc ngủ dài miên man mang tên “tổn thương”.\r\n- Cho những người đọng lại trong tim sự nhàu nát cũ kỹ của những vết thương loang lổ, để phải dành cả phần đời còn lại mà xót xa, mà nhói lòng.\r\n\r\n“Hãy yêu đời dẫu đời có trái ngang” không ồn ào, rất bình dị và an yên, cùng nắm tay bạn bước qua những năm tháng nhạt màu, kề cạnh bạn ngày giông bão ghé qua. Trải qua bao nhiêu đau thương, bạn chỉ cần mạnh mẽ đứng lên, là đủ.\r\n\r\nDẫu cuộc đời này có nỡ làm bạn tổn thương, mong bạn đừng ủ dột co mình trong nỗi bất an, đừng cố chấp ngoảnh đầu cúi xuống và nhặt lại những tháng ngày thanh xuân đã vô tình đánh rơi. Đã đến lúc bạn sống cho hiện tại và tương lai đầy tươi sáng.\r\n\r\n“Hãy yêu đời dẫu đời có trái ngang” như cầu vồng có nắng sau những tháng ngày u uất đến đau lòng, kéo bạn thoát khỏi những tháng ngày tưởng chừng như dài lê thê ấy, cùng lời gửi gắm:\r\n\r\n“Em phải yêu mình trước\r\nMới biết cách yêu người\r\nPhải chăm mình thật tốt\r\nCuộc đời mới đẹp tươi.”\r\n\r\nGiá sản phẩm trên Tiki đã bao gồm thuế theo luật hiện hành. Bên cạnh đó, tuỳ vào loại sản phẩm, hình thức và địa chỉ giao hàng mà có thể phát sinh thêm chi phí khác như phí vận chuyển, phụ phí hàng cồng kềnh, thuế nhập khẩu (đối với đơn hàng giao từ nước ngoài có giá trị trên 1 triệu đồng).....'),
(1033, 4, 'Bài Thơ Của Một Người Yêu Nước Mình', 0, 'Trần Vàng Sao', '2020-12-31', 130000, '2020-12-22', 'DKQYFA75.jpg', '\"Thơ của Trần Vàng Sao chính là cuộc đời ông. [...] Thơ ông hiện ra như chính áo quần ông, tóc tai ông, hơi thở ông, ánh mắt ông, giọng nói ông, cảm giác ông, mồ hôi ông, đau đớn ông, giận dữ ông, giày vò ông, tuyệt vọng ông, khát vọng ông... và nhịp đập trái tim ông là thứ kỳ diệu nhất gắn kết toàn bộ những gì thuộc về ông để vang lên thành thi ca. Bởi thế, thơ ông chân thực và mãnh liệt như máu chảy trong huyết quản ông.\r\n\r\n[...] Trần Vàng Sao là một thi sĩ chân chính đến trầm luân, Trần Vàng Sao là một người yêu nước đến đau đớn.\"\r\n\r\n- Nguyễn Quang Thiều - Phó chủ tịch Hội Nhà văn Việt Nam\r\nGiám đốc, Tổng biên tập Nhà xuất bản Hội Nhà văn'),
(1034, 4, 'Tập thơ nhiều mới lạ: Ta còn em', 172, 'Phan Vũ', '2018-05-02', 70000, '2018-04-29', 'tapthonhieumoilataconem.jpg', '<p style=\"font-style:italic;\">“Ta còn em Cổ Ngư, tên thật cũ\r\n\r\nNắng chiều phai\r\n\r\nLa đà cành phượng vĩ\r\n\r\nBông hoa muộn in hình ngọn lửa…\r\n\r\n \r\n\r\nChiếc lá rụng\r\n\r\nKhởi đầu nguồn gió\r\n\r\nLao xao sóng biếc Tây Hồ\r\n\r\nHoàng hôn xa đến tự bao giờ?\r\n\r\nNhững bước chân tìm nhau\r\n\r\nVồi vội\r\n\r\nTiếng thì thầm đến sớm hơn buổi tối\r\n\r\nCuộc tình hờ bỗng chốc nghiêm trang…”</p>'),
(1035, 4, 'Em (Tái Bản)', 168, 'Liêu Hà Trinh', '2021-10-20', 119000, '2021-10-10', 'em.jpg', 'Tuyển thơ chiến tranh Vệ quốc 1941-1945: “Đợi anh về” đã được xuất bản và phát hành nhân dịp kỷ niệm 100 năm ngày Cách mạng Tháng Mười Nga vĩ đại. Tuyển thơ gồm 162 bài thơ của 24 tác giả tiêu biểu nhất trong nền thơ ca Chiến tranh Vệ quốc như Ximonov, Olga Berggolts, Tvardovxki, Anna Akhmatova, Evtusenko… đã được hai dịch giả Nguyễn Huy Hoàng và Nguyễn Văn Minh chọn lọc và dịch ra tiếng Việt. Những bài thơ trong tập thơ chọn lọc này đã thể hiện một cách chân thực về cuộc chiến tranh đẫm máu; và qua đó tính cách Nga được bộc lộ một cách rõ ràng và sâu sắc nhất. Đó là sự tàn khốc, bi thương, nhưng hào hùng và lạc quan tin tưởng, như nhà mỹ học Borev đã nói: “đó là những tiếng khóc đau thương về sự hy sinh và mất mát, nhưng đồng thời cũng là tiếng ca vinh quang về sự bất tử”. Những độc giả yêu thơ ca Nga sẽ nhận ra nhiều bài thơ trong tập thơ này đã được phổ nhạc thành các bài hát yêu thích không chỉ ở Nga và còn ở Việt Nam.\r\n\r\nGiá sản phẩm trên Tiki đã bao gồm thuế theo luật hiện hành. Bên cạnh đó, tuỳ vào loại sản phẩm, hình thức và địa chỉ giao hàng mà có thể phát sinh thêm chi phí khác như phí vận chuyển, phụ phí hàng cồng kềnh, thuế nhập khẩu (đối với đơn hàng giao từ nước ngoài có giá trị trên 1 triệu đồng).....'),
(1036, 4, 'Nỗi buồn trổ hoa _ Thơ', 132, 'Nguyễn Minh Ngọc Hà', '2019-05-14', 71100, '2019-05-10', 'noibuontrohoa.jpg', 'Nỗi buồn trổ hoa là tập thơ tình tác giả viết tặng cho những trái tim đã và đang tổn thương vì tình yêu. Ở đó, nỗi buồn, nỗi khổ đau và sự cô đơn như thấm đẫm trong từng ngôn từ, từng mạch ngầm cảm xúc.\r\n\r\nNhững dòng thơ tự sự như tiếng lòng thổn thức, như thấu hiểu và sẻ chia cho những dở dang của kiếp người. Để từ đó những ai đã đi qua tan vỡ sẽ như bắt gặp chính mình và dễ dàng đồng cảm.\r\n\r\nNhưng đau khổ không phải để bi lụy mà là để khiến mình mạnh mẽ hơn. Cô đơn không phải để khép chặt trái tim mà là để trưởng thành và biết trao tin yêu cho người xứng đáng. Bởi tình yêu có thể khiến chúng ta tổn thương nhưng nó cũng là một phương thuốc chữa lành.\r\n\r\n<p style=\"text-align:center;\">“Người ngồi xuống đời ta như giấc mộng</p>\r\n\r\n<p style=\"text-align:center;\">Ngỡ xa xăm nhưng bỗng chốc thật gần</p>\r\n\r\n<p style=\"text-align:center;\">Nơi mạch máu hồi sinh niềm khát vọng</p>\r\n\r\n<p style=\"text-align:center;\">Trái tim cằn bung nở đoá hoa xuân”</p>\r\n\r\n<p style=\"text-align:center;\">(Ngồi lại bên đời)</p>\r\n\r\nGiá sản phẩm trên Tiki đã bao gồm thuế theo luật hiện hành. Bên cạnh đó, tuỳ vào loại sản phẩm, hình thức và địa chỉ giao hàng mà có thể phát sinh thêm chi phí khác như phí vận chuyển, phụ phí hàng cồng kềnh, thuế nhập khẩu (đối với đơn hàng giao từ nước ngoài có giá trị trên 1 triệu đồng).....'),
(1037, 5, 'Tiểu luận & phê bình văn học', 319, '', '2011-01-06', 45000, '2011-01-01', 'tieuluanphebinhvanhoc.jpg', 'Tiểu luận và phê bình văn học là cuốn sách vừa mới ra mắt bạn đọc tháng 9 năm 2011, tập hợp những bài viết trong mấy năm gần đây của GS Mai Quốc Liên. Chủ đề là văn hóa dân tộc, văn học hiện thời, và những suy ngẫm về các hiện tượng văn hóa – văn học ấy.\r\n\r\nLà những trăn trở, những lo nghĩ về tình hình văn hóa – văn nghệ hiện thời: “Nhân sinh thức tự đa ưu hoạn” (Người biết chữ thì nhiều lo nghĩ – Nguyễn Trãi). Nhân vật, đối tượng được đề cập trong cuốn sách là những con người một đời miệt mài với sự nghiệp văn hóa – văn nghệ, cho lý tưởng yêu nước, yêu dân…\r\n\r\nCuốn sách gồm hai phần, phần I, Phê bình – trao đổi gồm các bài viết chân dung văn học và những cuộc chuyện trò thân mật với các học giả nước ngoài về văn học, về đất nước, con người Việt Nam…. Phần II Tiểu luận là phần thể hiện rõ nhất những trăn trở, suy tư, ngẫm nghĩ của GS về văn hóa – văn nghệ nước nhà trong giai đoạn hiện nay.\r\n\r\nGiá sản phẩm trên Tiki đã bao gồm thuế theo luật hiện hành. Bên cạnh đó, tuỳ vào loại sản phẩm, hình thức và địa chỉ giao hàng mà có thể phát sinh thêm chi phí khác như phí vận chuyển, phụ phí hàng cồng kềnh, thuế nhập khẩu (đối với đơn hàng giao từ nước ngoài có giá trị trên 1 triệu đồng).....'),
(1038, 5, 'Sài Gòn Những Mảnh Ghép Rời Ký Ức', 408, 'Lê Văn Nghĩa', '2021-08-20', 125000, '2021-08-15', 'saigonnhungmanhgheproikyuc.jpg', 'Tiếp theo ba tập ghi chép về Sài Gòn xưa: Sài Gòn dòng sông tuổi thơ, Sài Gòn khâu lại mảnh thời gian, Sài Gòn chuyện xưa mà chưa cũ, tập tạp bút - biên khảo này tiếp tục kể lại những câu chuyện sống động về Sài Gòn một thuở cách đây gần nửa thế kỷ, với rạp hát, khu chợ, những thú vui của trẻ con ngày xưa, phòng trà ca nhạc, những tờ báo, sân khấu cải lương, và bao con người đã trở thành chứng nhân của một thời khó quên.\r\n\r\nĐó là những câu chuyện đầy ắp dữ liệu sống động và tràn trề cảm xúc, của một nhà văn, nhà báo đã gắn trọn đời mình với thành phố này.\r\n\r\nGiá sản phẩm trên Tiki đã bao gồm thuế theo luật hiện hành. Bên cạnh đó, tuỳ vào loại sản phẩm, hình thức và địa chỉ giao hàng mà có thể phát sinh thêm chi phí khác như phí vận chuyển, phụ phí hàng cồng kềnh, thuế nhập khẩu (đối với đơn hàng giao từ nước ngoài có giá trị trên 1 triệu đồng).....');
INSERT INTO `sach` (`id_sach`, `id_danhmuc`, `ten_sach`, `sotrang_sach`, `tacgia`, `ngayphathanh`, `gia`, `namxb`, `hinhanh`, `mota`) VALUES
(1039, 5, 'Sách Ký Ức Đông Dương', 176, 'Tô Hoài', '2015-04-13', 63000, '2015-04-07', 'kyucdongduong.jpg', '<p><span style=\"font-size: 20px;\"><span style=\"color: rgb(51, 102, 255);\"><span style=\"font-family: arial, helvetica, sans-serif;\">Ký Ức Đông Dương</span></span></span></p> \r\n  <p style=\"text-align: justify;\"><span style=\"font-size: 14px;\"><span style=\"font-family: arial, helvetica, sans-serif;\">Trong làng văn học Việt Nam rất hiếm có nhà văn nào nhận được sự yêu thương, mến mộ từ nhiều thế hệ độc giả khác nhau như nhà văn Tô Hoài. Nếu các bạn nhỏ biết đến ông như một người bạn dí dỏm, đáng yêu qua kiệt tác <em>Dế mèn phiêu lưu ký</em> và series truyện ngộ nghĩnh về loài vật, thì độc giả lớn tuổi biết đến ông như một cây đại thụ của làng văn với nhiều tác phẩm đã trở thành những tượng đài bất tử như <em>Vợ chồng A Phủ, Cứu đất cứu mường, Chuyện đầm sen đền Đồng Cổ…</em></span></span></p> \r\n  <p style=\"text-align: justify;\"><span style=\"font-size: 14px;\"><span style=\"font-family: arial, helvetica, sans-serif;\">Tưởng nhớ một năm ngày Cụ trở về với cát bụi, Công ty Sách Phương Nam đã cho xuất bản và tái bản những tuyệt phẩm để đời của nhà văn, như một lời tri ân sâu sắc kính dâng lên Cụ.</span></span></p> \r\n  <p style=\"text-align: justify;\"><span style=\"font-size: 14px;\"><span style=\"font-family: arial, helvetica, sans-serif;\">Bộ sách gồm 9 tác phẩm, bao gồm 4 tiểu thuyết, 3 truyện ngắn và 2 bút ký:</span></span></p> \r\n  <ul> \r\n   <li><span style=\"font-size: 14px;\"><span style=\"font-family: arial, helvetica, sans-serif;\">Quê nhà (tiểu thuyết)</span></span></li> \r\n   <li><span style=\"font-size: 14px;\"><span style=\"font-family: arial, helvetica, sans-serif;\">Quê người (tiểu thuyết)</span></span></li> \r\n   <li><span style=\"font-size: 14px;\"><span style=\"font-family: arial, helvetica, sans-serif;\">Mười năm (tiểu thuyết)</span></span></li> \r\n   <li><span style=\"font-size: 14px;\"><span style=\"font-family: arial, helvetica, sans-serif;\">Khách nợ (truyện ngắn)</span></span></li> \r\n   <li><span style=\"font-size: 14px;\"><span style=\"font-family: arial, helvetica, sans-serif;\">Chiếc áo xường xám màu hoa đào (truyện ngắn)</span></span></li> \r\n   <li><span style=\"font-size: 14px;\"><span style=\"font-family: arial, helvetica, sans-serif;\">Chuyện để quên (truyện ngắn)</span></span></li> \r\n   <li><span style=\"font-size: 14px;\"><span style=\"font-family: arial, helvetica, sans-serif;\">Miền Tây (tiểu thuyết)</span></span></li> \r\n   <li><span style=\"font-size: 14px;\"><span style=\"font-family: arial, helvetica, sans-serif;\">Kí ức Đông Dương (bút ký)</span></span></li> \r\n   <li><span style=\"font-size: 14px;\"><span style=\"font-family: arial, helvetica, sans-serif;\">Kí ức Phiên Lãng (bút ký)</span></span></li> \r\n  </ul> \r\n  <p><span style=\"font-family: arial, helvetica, sans-serif; font-size: 14px; text-align: justify;\">Bộ ba tiểu thuyết </span><strong>Quê Nhà, Quê Người, Mười Năm</strong><span style=\"font-family: arial, helvetica, sans-serif; font-size: 14px; text-align: justify;\"> là những tác phẩm đặc sắc, nằm trong danh sách các tác phẩm của Tô Hoài vinh dự nhận giải thưởng Hồ Chí Minh về văn học đợt 1. Ba tiểu thuyết tuy được viết trong những khoảng thời gian khác nhau, về những con người, những hoàn cảnh cụ thể khác nhau, nhưng lại là sự nối tiếp một cách có hệ thống trong dòng chảy lịch sử của vùng quê nơi nhà văn sinh ra và lớn lên. </span><strong>Quê Nhà</strong><span style=\"font-family: arial, helvetica, sans-serif; font-size: 14px; text-align: justify;\"> là bức tranh tái hiện lại cuộc chiến đấu anh dũng của những anh hùng vô danh, những người mà trước đó tay chỉ quen với việc cấy việc cày việc nhà việc cửa nay lại dũng cảm đứng lên giương cờ nghĩa trong những năm đầu khi thực dân Pháp xâm lược. </span><strong>Quê Người </strong><span style=\"font-family: arial, helvetica, sans-serif; font-size: 14px; text-align: justify;\">là cảnh quê hương bị chiếm đóng. Những con người hiền lành chất phác của vùng quê ấy phải sống trong cảnh khốn đốn khi cái nghèo đói bủa vây. Người phải tha hương nơi đất khách, người ở lại chơ vơ, lạc lối ngay trên chính mảnh đất quê nhà. </span><strong>Mười Năm</strong><span style=\"font-family: arial, helvetica, sans-serif; font-size: 14px; text-align: justify;\"> đưa người đọc hòa mình vào không khí sục sôi của vùng quê ấy những ngày vùng lên xóa tan xiềng xích. Đó là Mười năm toàn dân chuẩn bị Tổng khởi nghĩa, tiến tới Cách mạng Tháng Tám.</span></p> \r\n  <p style=\"text-align: justify;\"><span style=\"font-size: 14px;\"><span style=\"font-family: arial, helvetica, sans-serif;\">Ba cuốn tiểu thuyết gần như khắc họa đầy đủ cả giai đoạn đau thương của dân tộc. Dưới ngòi bút tài tình của tác giả, những con người, những mảnh đời ấy hiển hiện một cách chân thật, sống động, gần gũi thân thương, nhưng cũng đầy ám ảnh, gợi nhớ về một thời dĩ vãng đã xa.</span></span></p> \r\n  <p style=\"text-align: justify;\"><span style=\"font-size: 14px;\"><span style=\"font-family: arial, helvetica, sans-serif;\">Không chỉ tiểu thuyết, truyện ngắn cũng là thế mạnh làm nên tên tuổi một Tô Hoài. Những câu chuyện hay nhất, đặc sắc nhất đã được tuyển chọn trong ba tập truyện ngắn mà chúng tôi hân hạnh giới thiệu đến bạn đọc: <strong>Khách Nợ, Chiếc Áo Xường Xám Màu Hoa Đào, Chuyện Để Quên.</strong></span></span></p> \r\n  <p style=\"text-align: justify;\"><span style=\"font-size: 14px;\"><span style=\"font-family: arial, helvetica, sans-serif;\"><strong>Khách Nợ </strong>là nét vẽ thực về những con người, những cảnh đời khốn cùng ở làng quê nghèo ngoại thành Hà Nội trước Cách mạng Tháng Tám. Với cách kể chuyện bình dị, nhẹ nhàng, không màu mè, hoa mỹ, từng câu chuyện, từng số phận cứ từ từ xuất hiện, họ sống, chết, đói khổ, đau thương… chân thật đến ngỡ ngàng nhưng cũng xót xa đến ngỡ ngàng. Trong tập truyện không thể không kể đến những trang viết độc đáo, đầy hấp dẫn về loài vật như <strong>Đôi ri đá, Chú gà trống ri, Mụ ngan</strong>… Những câu chuyện tưởng chừng vô thưởng vô phạt, nhưng góp phần không nhỏ phơi bày những hiện trạng xã hội thời bấy giờ.</span></span></p> \r\n  <p style=\"text-align: justify;\"><span style=\"font-size: 14px;\"><span style=\"font-family: arial, helvetica, sans-serif;\"><strong><strong>Chiếc Áo Xường Xám Màu Hoa Đào</strong> </strong>là một trong số ít những tập truyện viết về đời sống cơ cực, lay lắt, mù mịt, bị đàn áp nặng nề của các dân tộc miền núi Tây Bắc trước 1945. Tập truyện là quá trình vùng lên thoát khỏi xiềng xích đến với chân trời mới của những số phận bé mọn khao khát tự do. Với lối kể chuyện tự nhiên, giọng văn khi dửng dưng, khi đanh thép, lúc bùi ngùi, lúc lại đầy kịch tính, con người vùng cao với bao đau thương, bất hạnh đã được khắc họa rõ nét với những A Phủ, Hùng Vương, Mỵ, bà Ảng… Đặc biệt, đây là lần đầu tiên nỗi đau thương, cuộc sống bất công của người phụ nữ miền núi Tây Bắc được đề cập đến với cái nhìn đầy cảm thông và chia sẻ.</span></span></p> \r\n  <p style=\"text-align: justify;\"><span style=\"font-size: 14px;\"><span style=\"font-family: arial, helvetica, sans-serif;\">Khác với hai truyện ngắn trên, <strong>Chuyện Để Quên</strong> là tuyển tập những truyện ngắn viết sau năm 1945. Cũng là khung cảnh làng quê nghèo ấy, cũng là miền Tây Bắc ấy, nhưng với một tâm thức hoàn toàn khác, lòng người có cách mạng dẫn lối dường như bừng tỉnh sau ngàn năm say giấc, tươi sáng hơn, rạng ngời hơn. Những câu chuyện gắn liền với một thời kỳ tranh đấu hào hùng của dân tộc, những câu chuyện của hi sinh, mất mát, của chiến tranh ác liệt… của những năm tháng không thể nào quên.</span></span></p> \r\n  <p style=\"text-align: justify;\"><span style=\"font-size: 14px;\"><span style=\"font-family: arial, helvetica, sans-serif;\">Được viết năm 1965, <strong>Miền Tây </strong>là tác phẩm tiếp nối cho đề tài về vùng đất Tây Bắc “để thương để nhớ” cho Tô Hoài trong suốt cuộc đời cầm bút của mình. Tô Hoài đã dành cho cuốn tiểu thuyết những nét vẽ chân thật và sinh động nhất, với hình ảnh những người con đất Phiềng Sa tình nghĩa đã sống qua hết những vất vả, đau thương, đấu tranh và dựng xây. Khai thác nhiều tư liệu lịch sử, chính trị, quân sự, tác phẩm đã tạo nên những bức tranh đối lập xưa và nay trong cuộc sống, số phận con người Phiềng Sa. Ở đó,<strong> </strong>hình ảnh con người chưa bao giờ được tác giả tạo nên bằng bút pháp lí tưởng hóa, mà họ luôn chân thật và gần gũi, mang đầy đủ mặt tốt và mặt xấu của một con người bình thường trong đời sống. Chính vì thế, họ đã sống rất lâu và vững bền trong trái tim rất nhiều độc giả Việt.</span></span></p> \r\n  <p style=\"text-align: justify;\"><span style=\"font-size: 14px;\"><span style=\"font-family: arial, helvetica, sans-serif;\"><strong>Ký Ức Đông Dương</strong> và <strong>Ký Ức Phiên Lãng</strong> là hai tập bút ký đặc biệt của nhà văn. Đó là những trang viết thấm đẫm tình hữu nghị sâu sắc với những quốc gia và vùng lãnh thổ trên thế giới mà tác giả đã có dịp đặt chân đến. Nếu như <strong>Ký Ức Đông Dương </strong>là câu chuyện ấm áp về những người bạn láng giềng thân thiết Lào và Campuchia thì <strong>Ký Ức Phiên Lãng</strong> là những hồi ức xinh đẹp, sâu lắng đầy cảm xúc về những con người, những vùng đất ở những châu lục khác nhau, tưởng chừng như rất xa xôi nhưng lại quá đỗi gần gũi. Tình anh em sâu đậm, thắm thiết, bền chặt của những dân tộc bị áp bức cùng đứng lên chiến đấu đập tan gông xiềng nô lệ. Đó là đất nước Lào với những con người hiền hòa mến khách. Là một Campuchia vừa thoát khỏi bọn diệt chủng, cả nước đang oằn mình xây dựng lại cuộc đời mới. Là một Ê-ti-ô-pi-a đang đương đầu với chiến tranh nhưng đâu đâu cũng rộn vang tiếng hát của hi vọng. Những em bé Ca-dắc-xtan vẫy tay ríu rít, miệng hô vang <em>Hồ Chủ tịch muôn năm! Việt Nam muôn năm! </em>Một Mát-xcơ-va thân thiện, đi đến đâu cũng nghe người dân chào <em>Đồng chí Việt Nam… </em>Dưới bàn tay nhào nặn bậc thầy của nhà văn, tất cả đã được tái hiện một cách rõ nét và sinh động hơn bao giờ hết. Nó sẽ mãi mãi là những ký ức đẹp trong lòng tác giả cũng như trong lòng người thưởng thức.</span></span></p> \r\n  <p style=\"text-align: justify;\"><span style=\"font-size: 14px;\"><span style=\"font-family: arial, helvetica, sans-serif;\">Với số lượng tác phẩm đồ sộ, thật không quá khi nói Tô Hoài là một trong những nhà văn có bút lực dồi dào nhất làng văn Việt Nam.</span></span></p> \r\n  <p style=\"text-align: justify;\"><span style=\"font-size: 14px;\"><span style=\"font-family: arial, helvetica, sans-serif;\">Song không chỉ thế, Tô Hoài còn là một nhà văn luôn có tâm thức hướng đến sự vẹn toàn. Các tác phẩm giới thiệu đến bạn đọc lần này là<strong><em> những bản in mới nhất, đầy đủ và hoàn thiện nhất do chính nhà văn Tô Hoài đọc và sửa chữa </em></strong>trước lúc đi xa.</span></span></p> \r\n  <p style=\"text-align: justify;\"><span style=\"font-size: 14px;\"><span style=\"font-family: arial, helvetica, sans-serif;\">Dường như với bất kỳ tác phẩm nào của mình đã xuất bản, nhà văn cũng luôn cẩn trọng đọc lại và chỉnh sửa những chi tiết chưa hài lòng. Như chính lời con trai của Cụ, nhà báo Nguyễn Phương Vũ, chia sẻ: “<em>Đã từ lâu từ khi cầm bút bố tôi là người cẩn thận và luôn có trách nhiệm với câu chữ</em><em> </em><em>nên mỗi bản in dù là in lại nhưng ông luôn đọc, cắt gọt, chỉnh sửa, “uốn nắn”, tỉ mẩn như người</em><em> </em><em>dệt vải. Khi ông trao lại cho tôi để xử lý nhập liệu với một bản thảo chi chít màu mực, chữ, từ,</em><em> </em><em>câu mà ông thêm bớt đan xen ngang dọc. Cha tôi là vậy, sự cẩn trọng, kỹ lưỡng trong nghề viết như mối nợ tình với ông.”</em></span></span></p> \r\n  <p style=\"text-align: justify;\"><span style=\"font-size: 14px;\"><span style=\"font-family: arial, helvetica, sans-serif;\">Ngoài 9 tác phẩm được xuất bản trong năm 2015 này, chúng tôi cũng xin điểm lại những tác phẩm khác của cùng tác giả Tô Hoài mà Phương Nam Book độc quyền xuất bản và đã ra mắt bạn đọc trước đây:</span></span></p> \r\n  <ul> \r\n   <li><span style=\"font-size: 14px;\"><span style=\"font-family: arial, helvetica, sans-serif;\">Những ngõ phố (truyện vừa)</span></span></li> \r\n   <li><span style=\"font-size: 14px;\"><span style=\"font-family: arial, helvetica, sans-serif;\">Chuyện cũ Hà Nội (2 tập) (hồi ký )</span></span></li> \r\n   <li><span style=\"font-size: 14px;\"><span style=\"font-family: arial, helvetica, sans-serif;\">Mẹ mìn bố mìn (tiểu thuyết)</span></span></li> \r\n   <li><span style=\"font-size: 14px;\"><span style=\"font-family: arial, helvetica, sans-serif;\">Giấc mộng ông thợ dìu (tản văn)</span></span></li> \r\n   <li><span style=\"font-size: 14px;\"><span style=\"font-family: arial, helvetica, sans-serif;\">Cát bụi chân ai (hồi ký)</span></span></li> \r\n   <li><span style=\"font-size: 14px;\"><span style=\"font-family: arial, helvetica, sans-serif;\">Chiều chiều (hồi ký)</span></span></li> \r\n   <li><span style=\"font-size: 14px;\"><span style=\"font-family: arial, helvetica, sans-serif;\">Ba người khác (tiểu thuyết)</span></span></li> \r\n   <li><span style=\"font-size: 14px;\"><span style=\"font-family: arial, helvetica, sans-serif;\">Kẻ cướp bến Bỏi (tiểu thuyết)</span></span></li> \r\n   <li><span style=\"font-size: 14px;\"><span style=\"font-family: arial, helvetica, sans-serif;\">Tạp bút</span></span></li> \r\n  </ul> \r\n  <p><span style=\"font-family: arial, helvetica, sans-serif; font-size: 14px; text-align: justify;\">Mỗi cuốn sách ra đời đều là tâm huyết của tác giả cũng như của đội ngũ phát hành. Bộ sách để đời của nhà văn Tô Hoài đến được tay bạn đọc là sự cố gắng không hề nhỏ của ban biên tập, đặc biệt là được sự giúp đỡ nhiệt tình của con trai Cụ (Nguyễn Phương Vũ), người đã có công sao chép lại toàn bộ những sửa chữa của nhà văn cho những tác phẩm của mình.</span></p> \r\n  <p style=\"text-align: center;\"><span style=\"font-size: 20px;\"><span style=\"font-family: arial, helvetica, sans-serif;\">* * * * *</span></span></p> \r\n  <p style=\"text-align: justify;\"><span style=\"font-size: 14px;\"><span style=\"font-family: arial, helvetica, sans-serif;\">Quen biết nhiều, từng trải lắm, quả thật có thể nói Tô Hoài đã trở thành một cuốn từ điển sống của nghề văn. Qua các tác phẩm đã in của ông, mãi mãi người ta còn tìm thấy hình ảnh con người một thời, với tất cả những lo toan hàng ngày, sự phấn đấu của chúng ta cùng những khó khăn những hạn chế hoàn cảnh đã đặt ra mà không ai trong chúng ta vượt qua nổi. Thời gian sẽ sàng lọc để chọn ra những gì tinh hoa Tô Hoài đã viết, từ đó làm giàu thêm cho văn học Việt Nam.</span></span></p> \r\n  <p style=\"text-align: right;\"><span style=\"font-size: 14px;\"><em><strong><span style=\"font-family: arial, helvetica, sans-serif;\">Nhà phê bình Vương Trí Nhàn</span></strong></em></span></p> \r\n  <p style=\"text-align: justify;\"><span style=\"font-size: 14px;\"><span style=\"font-family: arial, helvetica, sans-serif;\">Tô Hoài hay “khoe”, chẳng chịu bỏ phí những chuyến đi nên ông viết bút ký, ký sự về rất nhiều nước ông có dịp đặt chân đến. Về điều này có lẽ ông cũng là bậc thầy. Những tập ký, truyện ngắn lấy bối cảnh nước ngoài của ông rất khác với nhiều tập sách về nước ngoài của các tác giả thế hệ sau này. Đọc ông luôn có văn, có sáng tạo. Cũng như nhiều bạn đọc thuở ấy, trong đó có tôi, các tác phẩm này của Tô Hoài đã mở giúp chúng tôi một cửa sổ để nhìn ra một góc thế giới trong thời buổi sách quá hiếm, không có phương tiện thông tin.</span></span></p> \r\n  <p style=\"text-align: right;\"><span style=\"font-size: 14px;\"><em><strong><span style=\"font-family: arial, helvetica, sans-serif;\">Đỗ Quang Hạnh</span></strong></em></span></p> \r\n  <p style=\"text-align: justify;\"><span style=\"font-size: 14px;\"><span style=\"font-family: arial, helvetica, sans-serif;\">Tiểu thuyết Tô Hoài là hình ảnh của dòng đời tự nhiên, chảy trôi miên viễn. Cuộc sống hiện ra dưới cái nhìn của Tô Hoài thật dung dị tự nhiên như nó vốn thế: có mọi thứ của sinh hoạt đời thường, vặt vãnh, cái tốt đẹp và cái tầm thường, có đời sống xã hội, vận động của lịch sử và đời sống thế sự, sinh hoạt phong tục.</span></span></p> \r\n  <p style=\"text-align: right;\"><span style=\"font-size: 14px;\"><em><strong><span style=\"font-family: arial, helvetica, sans-serif;\">Nhà phê bình Nguyễn Văn Long</span></strong></em></span></p> \r\n  <p style=\"text-align: justify;\"><span style=\"font-size: 14px;\"><span style=\"font-family: arial, helvetica, sans-serif;\">Đời thường, bình dị và trầm buồn, đó là miền núi của Tô Hoài. Những đặc trưng phong cách này đã khơi gợi lịch sử nhiều đau thương của miền núi theo một cách riêng, gần gũi và nhân bản. Nét dịu dàng, sâu lắng, giàu chất thi họa của nó cũng là một đặc sắc thẩm mĩ, vừa mộc mạc cổ điển vừa có sức sống lâu bền.</span></span></p> \r\n  <p style=\"text-align: right;\"><span style=\"font-size: 14px;\"><em><strong><span style=\"font-family: arial, helvetica, sans-serif;\">Phạm Duy Nghĩa</span></strong></em></span></p>\r\n \r\n<p>Giá sản phẩm trên Tiki đã bao gồm thuế theo luật hiện hành. Bên cạnh đó, tuỳ vào loại sản phẩm, hình thức và địa chỉ giao hàng mà có thể phát sinh thêm chi phí khác như phí vận chuyển, phụ phí hàng cồng kềnh, thuế nhập khẩu (đối với đơn hàng giao từ nước ngoài có giá trị trên 1 triệu đồng).....</p>'),
(1040, 5, 'Viết Khi Tâm Đắc', 276, 'Ngô Văn Giá', '2019-08-05', 139000, '2019-05-01', 'vietkhitamdac.jpg', '<p>Viết khi tâm đắc được chính tác giả, nhà nghiên cứu phê bình Văn Giá giới thiệu là một “mẹt hàng xén” - nơi tập hợp những chắt lọc tinh hoa và tâm đắc trong sự nghiệp người viết chuyên nghiệp của mình. Cuốn sách thể hiện đầy đủ tâm thế xuyên suốt sự nghiệp của nhà nghiên cứu phê bình Văn Giá: “Làm phê bình, không tâm đắc sẽ không thể viết được, nếu cố viết sẽ chỉ là những sản phẩm giả. Cụ Hoàng Ngọc Hiến sinh thời có viết: “Tôi viết phê bình để làm “sáng giá” và “sang giá” những tác phẩm tôi tâm đắc\". Tôi vẫn thường lấy câu ấy của thầy tôi làm phương châm khi viết phê bình.”. Vì thế, đây sẽ là một cuốn sách giá trị về phê bình văn học tại Việt Nam.</p>\r\n<p>Viết khi tâm đắc là cuốn tiểu luận, phê bình văn học tập hợp hơn hai mươi bài viết trong khoảng thời gian 4 – 5 năm gần đây của nhà nghiên cứu phê bình Văn Giá. Các bài tiểu luận viết về những tác giả, tác phẩm, vấn đề mà nhà nghiên cứu phê bình Văn Giá cảm thấy thật tâm đắc. Cuốn sách tập hợp các bài viết chia làm hai phần: phần thứ nhất “Người xa về lại…” viết về những tác giả đã mất và tác phẩm, đóng góp của họ, những vấn đề văn học Việt Nam trong quá khứ (đóng góp của nhà nghiên cứu phê bình Kiều Thanh Quế, truyện ma và thiên hồi ký của Vũ Bằng, tác phẩm của Nguyễn Vỹ, Đoàn Văn Chúc, Chiếc thuyền ngoài xa của Nguyễn Minh Châu, tác phẩm Đồi thông hai mộ, tập thơ Vọng biển, tùy bút của Chu Văn Sơn, nhà nghiên cứu phê bình Nguyễn Đăng Mạnh, nữ nhà báo - nhà văn chiến tranh Dương Thị Xuân Quý); phần thứ hai “…Cùng người hôm nay” tập hợp bài viết về những tác giả còn sống, còn cống hiến những tác phẩm có giá trị cho đời sống văn học Việt Nam hiện nay, những vấn đề trong nền văn học Việt Nam ngày nay (vấn đề và những cách tân trong văn học Việt Nam sau 1975 đến nay, đóng góp của Lã Nguyên, tác phẩm và đặc trưng sáng tác của Đoàn Ngọc Hà, Đức Ban, Nguyễn Thị Phước, Nguyễn Nhật Ánh, Trần Hùng, Đỗ Trọng Khơi, Đỗ Bích Thúy, Phạm Duy Nghĩa, Trần Hưng, các tác phẩm Thầy Đàn, Cảm ơn người lớn, Phố Hoài, Yersin: Dịch hạch và thổ tả, và suy nghĩ về số phận văn chương thời đại 4.0).</p>\r\n<p><strong>Trích đoạn hay trong sách</strong></p>\r\n<p>“Nếu như Cho tôi xin một vé đi tuổi thơ là thông điệp hãy trở về với tuổi thơ, được sống lại tuổi thơ, tuổi thơ như những vị thuốc thần tiên để giúp mỗi người lớn sống đẹp đẽ hơn, ý nghĩa hơn, nhân bản hơn; thì đến lượt Cảm ơn người lớn, vẫn có ý vị của những thông điệp trên, nhưng nhà văn tập trung vào ý tưởng: Làm người lớn cũng thật chẳng dễ dàng gì, người lớn vẫn cứ “ngốc nghếch” mãi; nên tuổi thơ ơi, hãy biết thương người lớn, biết cảm thông cho người lớn. Té ra cuộc đời này thật lạ lùng: người lớn thì mãi mãi “ngốc ngếch”, còn trẻ con thì mãi mãi “điên điên”. Hãy cố mà hiểu nhau, cảm thông cho nhau, thì cuộc đời này bớt khổ, và đầy lên nhân ái.”<br>Trích trong “Cảm ơn người lớn - hậu Cho tôi xin một vé đi tuổi thơ”</p>\r\n<p>“Quan sát đời sống văn học hiện thời, thấy có một xu hướng đáng lo: dường như thiên nhiên ngày càng suy giảm, thưa cạn trong trang viết của các nhà văn. Cắt nghĩa điều này không hẳn dễ. Có thể do cảm thức đô thị đang ở thế thượng phong? Hay các nhà văn bị hút vào những câu chuyện gay gắt của đời sống thế sự và xã hội? Hay cảm quan về chủ nghĩa nhân loại trung tâm vẫn đang còn thống ngự? Hoặc cũng có thể, ở tầng ý thức, các nhà văn chưa có một thái độ rõ rệt và mạnh mẽ về vấn đề văn học sinh thái? Trong khi đó, trên thực tế, thiên nhiên, môi trường của chúng ta đang bị tàn hủy từng giờ từng ngày với đủ các loại động cơ khác nhau. Nếu không cẩn thận, rồi mai sau con cháu chúng ta sẽ trở nên trơ cằn và khánh kiệt về đời sống tinh thần, giá trị nhân văn, cả về kho tàng ngôn từ vô cùng giàu có được sinh ra từ cội nguồn thiên nhiên nhờ nỗ lực biểu đạt ngàn đời của cha ông.”</p>\r\n<p>Trích trong “Thơ của niềm “trinh tĩnh” đầu nguồn”</p>\r\n<p><strong>Tác giả, nhà nghiên cứu phê bình Ngô Văn Giá</strong></p>\r\n<p>Hội viên Hội nhà văn Việt Nam</p>\r\n<p>Hội viên Hội nhà văn Hà Nội</p>\r\n<p>Hội viên Hội nhà báo Việt Nam</p>\r\n<p><strong>Sách đã xuất bản</strong></p>\r\n<p>- Một khoảng trời văn học (tiểu luận - phê bình), NXB Giáo dục, 2000</p>\r\n<p>- Vũ Bằng - bên trời thương nhớ (chuyên luận), NXB Văn hóa - Thông tin, 2000</p>\r\n<p>- Đời sống và đời viết (tiểu luận, phê bình - chân dung), NXB Hội nhà văn, 2005</p>\r\n<p>- Viết cùng bạn viết (tiểu luận, phê bình - chân dung), NXB Hội nhà văn, 2010</p>\r\n<p>- Người khác và tôi (tiểu luận, phê bình - chân dung), NXB Hội nhà văn, 2010</p>\r\n<p>- Một ngày nát vụn (tập truyện ngắn), NXB Hội nhà văn, 2009</p>\r\n<p>- Một ngày lưng lửng (tập truyện ngắn), NXB Văn học, 2015</p>\r\n<p>- Mưa ở Bình Dương (tập truyện ngắn), NXB Thanh niên, 2019</p>\r\n<p>- Trần gian muôn nỗi (viết ngắn), Công ty sách Sống và NXB Văn học, 2019</p><p>Giá sản phẩm trên Tiki đã bao gồm thuế theo luật hiện hành. Bên cạnh đó, tuỳ vào loại sản phẩm, hình thức và địa chỉ giao hàng mà có thể phát sinh thêm chi phí khác như phí vận chuyển, phụ phí hàng cồng kềnh, thuế nhập khẩu (đối với đơn hàng giao từ nước ngoài có giá trị trên 1 triệu đồng).....</p>'),
(1041, 5, 'Bút Kiếm Kim Dung', 723, 'Huỳnh Ngọc Chiến, TS. Dương Ngọc Dũng, Nguyễn Tôn Nhan, Nguyễn Anh Vũ', '2019-07-01', 185000, '2015-06-24', 'butkiemkimdung.jpg', 'Bút Kiếm Kim Dung (Chuyên Luận) là cuốn sách trình bày về võ hiệp Trung Quốc từ nguồn gốc đến những bước thăng trầm trong lịch sử, với nền tảng lập thế, nhân vật điển hình, dạng thức văn học, môi trường truyền bá, cơ chế sinh tồn và hướng đi tương lai. Phần tiếp theo, tổng luận về các tác phẩm như: Thư kiếm ân cừu lục, Bích huyết kiếm, Xạ điêu anh hùng truyện, Thần điêu hiệp lữ, Uyên ương đao, Liên thành quyết, Ỷ thiên đồ long kiếm, Tiếu ngạo giang hồ, Lộc đỉnh ký đồng thời đề cập đến một số nhân vật võ hiệp của Kim Dung như: Vi Tiểu Bảo, Đoàn Chính Thuần, Tiêu Phong, Diệt Tuyệt sư thái, Mộ Dung Phục, Nhậm Ngã Hành, Du Thản Chi, Hư Trúc, Tiểu Siêu, Cưu Ma Trí, Địch Vân…\r\n\r\nVề Kiều Phong: \"Bi kịch tuổi thơ của Kiều Phong bắt đầu tại Nhạn Môn quan. Và ông chấm dứt bi kịch đời mình bằng mũi tên tự đâm vào ngực cũng tại Nhạn Môn quan. Nhạn Môn quan ngàn đời sừng sững giữa hai nước Tống - Liêu như định kiến không thể phá bỏ nổi về quốc gia và biên giới trong tâm trí con người\". Hai chương cuối, phân tích tư tưởng nghệ thuật của Kim Dung và võ học trong tiểu thuyết của ông.\r\n\r\nGiá sản phẩm trên Tiki đã bao gồm thuế theo luật hiện hành. Bên cạnh đó, tuỳ vào loại sản phẩm, hình thức và địa chỉ giao hàng mà có thể phát sinh thêm chi phí khác như phí vận chuyển, phụ phí hàng cồng kềnh, thuế nhập khẩu (đối với đơn hàng giao từ nước ngoài có giá trị trên 1 triệu đồng).....'),
(1042, 10, 'Bạch Dạ Hành (Tái Bản)', 628, 'Higashino Keigo', '2021-06-06', 209000, '2021-06-01', 'bachdahanh.jpg', 'Osuke, chủ một tiệm cầm đồ bị sát hại tại một ngôi nhà chưa hoàn công, một triệu yên mang theo người cũng bị cướp mất.\r\n\r\nSau đó một tháng, nghi can Fumiyo được cho rằng có quan hệ tình ái với nạn nhân và đã sát hại ông để cướp một triệu yên, cũng chết tại nhà riêng vì ngộ độc khí ga. Vụ án mạng ông chủ tiệm cầm đồ rơi vào bế tắc và bị bỏ xó.\r\n\r\nNhưng với hai đứa trẻ mười một tuổi, con trai nạn nhân và con gái nghi can, vụ án mạng năm ấy chưa bao giờ kết thúc. Sinh tồn và trưởng thành dưới bóng đen cái chết của bố mẹ, cho đến cuối đời, Ryoji vẫn luôn khao khát được một lần đi dưới ánh mặt trời, còn Yukiho cứ ra sức vẫy vùng rồi mãi mãi chìm vào đêm trắng.\r\n\r\nGiá sản phẩm trên Tiki đã bao gồm thuế theo luật hiện hành. Bên cạnh đó, tuỳ vào loại sản phẩm, hình thức và địa chỉ giao hàng mà có thể phát sinh thêm chi phí khác như phí vận chuyển, phụ phí hàng cồng kềnh, thuế nhập khẩu (đối với đơn hàng giao từ nước ngoài có giá trị trên 1 triệu đồng).....'),
(1043, 10, 'Vỏ Bọc Hoàn Hảo - Sách Trinh Thám Kinh Điển Nhất', 234, 'Lisa Gardner', '2010-10-09', 110000, '2010-10-01', 'vobochoanhao.jpg', '<p style=\"text-align: center;\"><em><strong>Vỏ Bọc Hoàn Hảo - Sách Trinh Thám Kinh Điển Nhất</strong></em></p>\r\n<p>Bạn sẽ làm gì nếu như người đàn ông mà bạn yêu muốn giết bạn?</p>\r\n<p>Tess Williams kết hôn với Jim Beckett, một người chồng mà cô nghĩ là hoàn hảo.</p>\r\n<p>Có điều, hắn cũng chính là tên sát nhân mang trái tim ác quỷ, là nỗi sợ hãi của cảnh sát và đặc vụ liên bang, là cơn ác mộng hằng đêm khiến cô phải giật mình mỗi khi nhớ đến.</p>\r\n<p>Giết người là thú vui bất tận của hắn, sưu tầm các nạn nhân là niềm đam mê cháy bỏng của hắn, hủy diệt người vợ là mục tiêu lớn lao của cuộc đời hắn…</p>\r\n<p>Cô phải làm gì để thoát khỏi tên ác quỷ này - cũng chính là người chồng cô từng yêu, là người cha của con gái mình?</p>\r\n<p>--<br>LISA GARDNER là nữ nhà văn người Mỹ, có những sáng tác nổi bật thuộc các series như loạt sách Đặc vụ FBI Quincy và chuỗi vụ án của Thanh tra D.D. Warren. Bà cũng viết nhiều tiểu thuyết lãng mạn với bút danh Alicia Scott.</p>\r\n<p>Gần đây, bà nhận giải thưởng Silver Bullet với những đóng góp cho trẻ em nhiều nguy cơ và động vật vô gia cư.</p>\r\n<p>Hiện nay, Lisa sống cùng gia đình ở New England.</p><p>Giá sản phẩm trên Tiki đã bao gồm thuế theo luật hiện hành. Bên cạnh đó, tuỳ vào loại sản phẩm, hình thức và địa chỉ giao hàng mà có thể phát sinh thêm chi phí khác như phí vận chuyển, phụ phí hàng cồng kềnh, thuế nhập khẩu (đối với đơn hàng giao từ nước ngoài có giá trị trên 1 triệu đồng).....</p>'),
(1044, 10, 'Gỗ Thần', 164, 'Lưu Khánh Bang', '2019-10-10', 79000, '2019-10-01', 'gothan.jpg', '“Than đương nhiên là có hồn. Trước đây nơi này không gọi than là than, cậu có biết gọi là gì không?”\r\n\r\n“Không biết.”\r\n\r\n“Gọi là gỗ thần.”\r\n\r\nNhiều tác phẩm của nhà văn Lưu Khánh Bang đều có chung một vùng ám ảnh: vùng mỏ. Từng sống và làm việc nơi đây suốt chín năm, ông đã viết: “Hiện thực của mỏ than chính là hiện thực của Trung Quốc.”\r\n\r\nGỗ thần được viết dựa trên sự kiện có thật: Năm 1998, nhiều vụ án lừa gạt giết người có tổ chức xảy ra tại các hầm mỏ ở Trung Quốc, với số nạn nhân lên đến hàng trăm người. Một bức tranh cuộc sống chân thực và sống động trải ra theo ngòi bút điêu luyện của tác giả: Mỏ than xa xôi hẻo lánh là nơi những con mồi cắn câu tìm đến, không biết rằng mình đã bước chân lên con đường không có lối về, nơi có giếng mỏ tối tăm ngột ngạt như một hố đen thiếu vắng luân thường và pháp luật, nơinhững con người vật lộn mưu sinh dưới đáy xã hội với những tâm tư, dục vọng phức tạp trải qua cuộc khảo nghiệm khắc nghiệt về nhân tính, nơi những bí mật đen tối và cay đắng của họ cuối cùng bị chôn vùi, nhưng độc giả thì không thể quên được.\r\n\r\nGiá sản phẩm trên Tiki đã bao gồm thuế theo luật hiện hành. Bên cạnh đó, tuỳ vào loại sản phẩm, hình thức và địa chỉ giao hàng mà có thể phát sinh thêm chi phí khác như phí vận chuyển, phụ phí hàng cồng kềnh, thuế nhập khẩu (đối với đơn hàng giao từ nước ngoài có giá trị trên 1 triệu đồng).....'),
(1045, 10, 'Bảy Thanh Hung Giản 1', 684, 'Vĩ Ngư', '2022-10-13', 228000, '2021-07-01', 'baythanhhunggian1.jpg', 'Thời thượng cổ, có bảy luồng ác khí, phàm những người tiếp xúc với chúng đều đột nhiên biến đổi tâm tính, phạm phải tội ác không thể tha thứ. Thời Xuân Thu, Lão Tử trước khi rời Hàm Cốc Quan đã chuyển bảy ác khí hung hiểm này từ mai rùa, xương thú vào bảy thẻ tre còn gọi là “bảy thanh hung giản”, dùng móc đồng điếu hình phượng, hoàng, loan phong ấn lại. Thiên hạ từ đó thái bình… cho đến ngày hung giản một lần nữa gieo họa nhân gian.\r\n\r\nThanh hung giản thứ bảy đã trốn kỹ trước khi nhóm năm người La Nhận kịp vực dậy sau trận kịch chiến với Báo Săn. Thời hạn bốn chín ngày càng lúc càng cận kề, kẻ địch ở đâu còn chẳng rõ, cả bọn đành quay lại thị trấn Hữu Vụ bắt tay từ manh mối Mai Hoa Cửu Nương để lại. Cũng từ đây, bức màn bí mật của nhiệm vụ họ phải gánh vác bấy lâu dần được vén lên: giữa mạng sống cá nhân và bình yên thiên hạ, các “tử sĩ” như họ bắt buộc phải chọn một bỏ một.\r\n\r\n\r\nVề tác giả:\r\nVĩ Ngư\r\nCây bút chuyên đề tài phiêu lưu kỳ ảo, cô là tác giả hợp đồng của Tấn Giang - một diễn đàn văn học mạng lớn của Trung Quốc.\r\n\r\nCô say mê mọi lời đồn ly kỳ thần bí, tin rằng những điều huyền diệu trên thế giới vượt ngoài tầm mắt con người; yêu thích du lịch, đặc biệt là thám hiểm.\r\nCác tác phẩm đã được xuất bản: Bảy thanh hung giản, Tây xuất ngọc môn, Oán khí gióng chuông, Tư Đằng, Chuyện tháng Tư, Khai Phong chí quái…'),
(1046, 10, 'Bóng Trăng Trắng Ngà', 312, 'Thục Linh', '2022-04-20', 129000, '2021-07-15', 'bongtrangtrangnga.jpg', 'Ẩn sau lời bài hát du dương êm ả, vang lên mỗi độ Trung Thu về, lại ẩn chứa những câu chuyện đau thương và đầy ghê rợ\r\nBài hát “Thằng Cuội” gợi lên tuổi thơ phá cỗ ngắm trăng tươi đẹp của bao người lại có thể buồn day dứt tới vậy. Liệu có khi nào, bạn lắng nghe bài hát ấy và tự hỏi, nó có ý nghĩa gì hay chưa?\r\n\r\n“Sáng rơi xuống đồi\r\nSáng leo lên cây\r\nSáng mỏi chân rồi\r\nSáng ngồi xuống đâ”\r\nBảo cũng như vậy.\r\n\r\nMột cậu bé mới chỉ 9 tuổi, đã bị thu hút bởi giọng hát tuyệt vời của một cô bé bí ẩn. Cô bé tên Chi, xuất hiện giữa một rừng đom đóm đẹp như mộng. Tình bạn nhanh chóng nảy nở giữa hai đứa trẻ chỉ bằng một bài hát. Chi hay kể cho Bảo nghe những câu chuyện kì dị phía sau từng lời bài hát cô bé hay hát. Những tưởng rằng đó chỉ là những câu chuyện kể vui vẻ thế nhưng, dường như, nhân vật trong từng câu chuyện đó lại dần dần hiện hữu trong cuộc sống thực của Bảo. Một bóng ma không đầu… Một con ma đói…\r\n\r\nSức khỏe của Bảo sa sút, người thân trong gia đình lo lắng, sợ hãi, thậm chí là rơi vào vòng nguy hiểm\r\n\r\nChuyện gì đang thực sự xảy ra? Mục đích của cô bé Chi là gì? Cô bé đóng vai trò gì trong những câu chuyện kể ấy, với những gì đang xảy ra với Bảo? Liệu Bảo có thể vượt qua cơn ác mộng và cứu lấy gia đình mình không?\r\n\r\nKhởi đầu là nỗi sợ hãi, ám ảnh. Kết lại cuốn sách, lại là những cảm xúc đau đớn tới xé lòng. Lòng trắc ẩn của bạn sẽ rung lên những sợi dây cảm xúc, để cùng khóc với những nhân vật.\r\n\r\nLiệu tà ác có tồn tại hay không?\r\n\r\nTất cả câu trả lời sẽ có trong cuốn sách “Bóng trăng trắng ngà” của nhà văn Thục Linh, một ấn phẩm tuyệt vời để nhâm nhi vào dịp Trung thu. Nếu bạn đã từng yêu thích ngòi bút của Thục Linh qua những ấn phẩm trước đó như “Ngôi làng cổ mộ” hay “Tứ trấn huyền linh” thì chắc chắn không thể bỏ qua cuốn sách thứ ba này.\r\n\r\nGiá sản phẩm trên Tiki đã bao gồm thuế theo luật hiện hành. Bên cạnh đó, tuỳ vào loại sản phẩm, hình thức và địa chỉ giao hàng mà có thể phát sinh thêm chi phí khác như phí vận chuyển, phụ phí hàng cồng kềnh, thuế nhập khẩu (đối với đơn hàng giao từ nước ngoài có giá trị trên 1 triệu đồng).....'),
(1047, 10, 'Những Đồ Vật Có Linh Hồn', 304, 'Tống Ngọc', '2020-03-05', 149000, '2020-02-20', 'nhungdovatcolinhhon.jpg', '“Những đồ vật tồn tại ở cõi nhân gian qua nhiều năm sẽ có thần linh hoặc linh hồn đến trú ngụ.” – Bạn có tin không?\r\n\r\n“Cây dừa cao thật là cao \r\n\r\nĐi qua không chào lộn cổ chết tươi…”\r\n\r\nNhững Đồ Vật Có Linh Hồn được viết theo góc nhìn của một người bình thường khi lần đầu biết đến thế giới tồn tại song song với cuộc sống của mình, bao gồm mười câu chuyện ngắn được tác giả biên soạn lại qua lời kể của những người từng có trải nghiệm tâm linh.\r\n\r\nTrần sao âm vậy, những người chết đi ở thế giới này, họ sẽ lại sống ở thế giới khác, có khi là ngay bên cạnh chúng ta, vô tình hoặc hữu ý can thiệp vào cuộc  sống mà chúng ta không biết. Thông qua những đồ vật bình dị, gần gũi, có khi là chiếc lược các bà các mẹ chải đầu, con búp bê vẫn ôm ngày nhỏ hay thậm chí là điếu thuốc hút dở trên tay… nhưng lại được đặt vào những bối cảnh ma mị.\r\n\r\nXuyên suốt mười câu chuyện là cảm giác chân thực, không cường điệu hay hù dọa nhưng lại khiến người đọc lạnh sống lưng, song không chỉ rùng rợn và ám ảnh, mỗi câu chuyện lại ẩn chứa một thông điệp đầy tích cực. Con người cũng có trăm nghìn loại, đâu phải ai cũng bị vong ám như ai, hãy cứ sống lạc quan, hướng tới những điều tối đẹp, tự nhiên sẽ được bình an.\r\n\r\nNếu muốn khám phá một thế giới tâm linh huyền bí đầy mới mẻ và sống động, cũng như đã từng yêu thích bộ truyện Giải Ngải Ký thì đừng bỏ qua Những Đồ Vật Có Linh Hồn, một siêu phẩm khác của tác giả Tống Ngọc nhé!\r\n\r\nGiá sản phẩm trên Tiki đã bao gồm thuế theo luật hiện hành. Bên cạnh đó, tuỳ vào loại sản phẩm, hình thức và địa chỉ giao hàng mà có thể phát sinh thêm chi phí khác như phí vận chuyển, phụ phí hàng cồng kềnh, thuế nhập khẩu (đối với đơn hàng giao từ nước ngoài có giá trị trên 1 triệu đồng).....'),
(1048, 10, 'Ngôi Làng Cổ Mộ (Tái Bản)', 368, 'Thục Linh', '2021-05-30', 199000, '2021-01-01', 'ngoilangcomo.jpg', 'Nếu là một người yêu thích tiểu thuyết kinh dị, bạn sẽ không thể bỏ qua Ngôi làng cổ mộ của tác giả trẻ Thục Linh.\r\n\r\nNhững chi tiết rùng rợn, những tình huống gay cấn, căng thẳng, sợ hãi, góc nhìn trong cuộc của người đang phải chạy trốn hay đương đầu với những thế lực huyền bí ở Ngôi làng cổ mộ sẽ lôi cuốn bạn không ngừng. Từng câu chữ của Thục Linh sẽ dẫn dắt bạn đọc như lạc vào chính xứ sở u linh trong câu chuyện, trải nghiệm cảm giác ghê rợn một cách chân thực nhất như chính các nhân vật.\r\n\r\nKhông chỉ dừng lại ở yếu tố kinh dị, điều đặc sắc hơn cả là đằng sau bức màn câu chuyện huyền bí tâm linh, Thục Linh sẽ kể cho độc giả một bức tranh đời thực trần trụi nhất, sự đương đầu giữa cái ác và cái thiện trong cuộc sống, tình yêu thương và xúc cảm bản năng nhất của con người, những giá trị nhân văn mà đôi lúc dường như ta đã vô tình lãng quên…\r\n\r\n---\r\n\r\n“Tôi vội chạy ra xem thì chợt nhận ra những làn khói mờ đục đang lẩn khuất khắp con đường làng nứt nẻ. Đó là sương mù. Sương mù dâng cao và ngày càng dày đặc hơn”\r\n\r\n“Tôi bước theo sau mẹ, tiến gần đến ngôi nhà mới của chúng tôi mà không biết rằng tôi đang từng bước lại gần những cơn ác mộng dai dẳng sau này”\r\n\r\n“Tôi ôm chặt hai cánh tay rồi đi gần như chạy qua cầu, lòng dấy lên chút sợ hãi. Cây cầu khẽ rung lên trong từng bước chân. Khi tôi tiến lại gần phía thằng bé thì ánh mắt vô tình đảo xuống dưới chân. Qua một chiếc lỗ nứt nẻ dưới tấm ván gỗ lót cầu đã mục, một con mắt trắng dã đục ngầu đang nhìn lên tôi chằm chằm…”\r\n\r\n<p style=\"font-weight:bold;\">Tác giả Thục Linh</p>\r\n\r\nCô tốt nghiệp khoa Sư phạm của trường Đại học Quốc gia Hà Nội và hiện đang là giáo viên bộ môn Ngữ Văn.\r\n\r\nThục Linh bắt đầu viết truyện từ năm 2017 và nhận được sự quan tâm rất lớn từ các độc giả yêu thích truyện tâm linh trên mạng xã hội. Mỗi tác phẩm của cô đều được độc giả đánh giá cao về độ li kì, ma mị và tính nhân văn. Ngoài sở thích viết lách, cô còn có niềm đam mê với bộ môn huyền học Tarot và đàn hát, vẽ tranh.'),
(1049, 10, 'Bí Mật Ngôi Mộ Cổ', 400, 'Lại Nhĩ', '2018-10-26', 89500, '2018-01-01', 'bimatngoicomo.jpg', 'Lăng mộ là nơi yên nghỉ của người chết, vậy nhưng có những kẻ vì lòng tham vô đáy mà tìm đủ mọi cách, không quản đánh đổi tính mạng để đào xới chốn thiêng liêng ấy, vơ vét bảo vật tùy táng, khiến người chết không được an giấc. Tuy nhiên, cũng có những người một lòng muốn bảo vệ sự tôn nghiêm của người quá cố, gìn giữ những di vật có giá trị lịch sử mà họ đem theo, ví như Phương Hồng Khanh và hai người bạn đầy nghĩa khí của mình là Tần Thu và Tiểu Thực.\r\n\r\nMột bên người đông thế mạnh, nham hiểm xảo trá, một bên người ít lực yếu nhưng thông minh cơ trí, cuộc chiến giữa hai phe quả thực vô cùng gay go, ác liệt. Rốt cuộc, ba người bạn có thể vượt qua những hung hiểm mà phe đối địch đẩy họ vào? Ngoài việc chống lại kẻ xấu, họ còn phải đối mặt với yêu linh dị thú gì trong lòng những ngôi mộ cổ tối tăm, lạnh lẽo và ẩn chứa nhiều bí mật?'),
(1050, 9, 'Tiệm bánh ngọt lúc nửa đêm', 540, 'Hoàng Mặc Kỳ', '2019-09-20', 166000, '2019-01-01', 'BYIVKMRJ.jpg', 'Có một truyền thuyết thành thị kể rằng:\r\n\r\n \r\n\r\nỞ một góc khuất của thành phố, có một tiệm bánh ngọt, chỉ mở cửa lúc nửa đêm, không những bán đồ ngọt, mà còn trao đổi bí mật. Bạn tìm đến, kể cho các chủ tiệm câu chuyện của mình, họ sẽ vén bức màn lên, tiết lộ với bạn một bí mật. Trong mỗi món đồ ngọt đều ẩn giấu một bí mật không ai hay biết, trong mỗi bí mật có lẽ lại có một phần con người bạn.\r\n\r\n \r\n\r\nBánh ngọt lịm, kem thơm dịu, còn bí mật đa phần là đắng cay và nước mắt. Bạn có dám nếm thử vị ngọt the đắng ấy không?'),
(1051, 9, 'Hòm thư số 110', 492, 'Yi Doo-woo', '2019-11-22', 159000, '2019-05-20', 'IVR7LZR8.jpg', '<p><em>Tình yêu của anh nhón chân rón rén bước</em></p>\r\n<p><em>Em đã bước vào vườn hoa của anh rồi nhỉ. </em></p>\r\n<p><em>Dù chưa được cho phép.</em></p>\r\n<p><em>&nbsp;</em></p>\r\n<p>Ở độ tuổi 30, bận bịu trong nhịp sống thường ngày quen thuộc khiến Jin Sol lẳng lặng đem cất những rung động tình yêu xa xỉ vào góc sâu trái tim. Mục tiêu cô đề ra là “Đừng để lòng vướng bận”. Song lẽ dĩ nhiên, trời chẳng chiều lòng người, đợt cải tổ nhân sự định kỳ của đài phát thanh đã mang đến cho cô một cộng sự khó nhằn - một nhà sản xuất chương trình còn sáng tác cả thơ. Để đối phó với anh ta, dường như mọi sự phòng bị là không đủ, hoặc chỉ một cốc smoothie đã đủ…</p>\r\n<p>&nbsp;</p>\r\n<p>Viết về những con người gần gũi trong cuộc đời bình dị, những người lớn dù đã khoác lên mình lớp vỏ trưởng thành song vẫn còn vô số khuyết điểm cũng như nhược điểm, ngày ngày vẫn đối mặt với nỗi cô đơn trong chừng mực cho phép, đây là câu chuyện “thử yêu thêm lần nữa” của họ, của bạn và của tôi.&nbsp;</p>'),
(1052, 9, 'Hoa vẫn nở mỗi ngày', 532, 'Valérie Perrin', '2020-11-13', 234000, '2020-06-01', '72C7S812.jpg', '“Một tiểu thuyết đầy cảm xúc, một cuốn sách đưa ta đi từ tiếng cười đến những giọt nước mắt với các nhân vật hài hước và cuốn hút.”\r\n– Ban giám khảo giải thưởng Prix des Maisons de la Presse.\r\n\r\nGIỚI THIỆU SÁCH:\r\nViolette Toussaint sống mà như chết. Người phụ nữ ấy bị mẹ đẻ bỏ rơi ngay khi vừa lọt lòng, tới lượt cô con gái nhỏ mà cô yêu thương nhất lại bỏ cô mà đi trong một tai nạn thảm khốc, rồi cả đến người chồng một ngày kia cũng không còn ở lại bên cô. Cuộc đời của một nhân viên gác chắn nơi ga xép với những chuyến tàu nhỏ mỗi ngày đến rồi đi hay của một người quản trang tại nghĩa trang tỉnh lẻ chuyên đón nhận người chết và chăm sóc các phần mộ tưởng chừng chỉ gắn chặt với mất mát, buồn đau, rồi úa tàn dần theo năm tháng. Nhưng sự sống là mầu nhiệm, hy vọng vẫn còn đó, hạnh phúc lại có dịp được hồi sinh khi hoa kia được thay nước, khi chính con người vẫn tin vào cuộc đời.\r\n\r\nMột câu chuyện sẽ ở lại lâu trong lòng độc giả. Nhẹ nhàng mà thấm thía. Bởi dẫu có lẽ không ít lần lấy đi nước mắt của người đọc, câu chuyện về tình yêu, tổn thương và hy vọng này cuối cùng sẽ để lại trong ta những cảm xúc tích cực, hạnh phúc cùng niềm mãn nguyện êm đềm một khi đã lật giở đến những trang cuối.\r\n\r\nVỀ TÁC GIẢ:\r\nValérie Perrin sinh năm 1967 tại Gueugnon, Pháp. Ngoài viết văn, bà còn là một nhiếp ảnh gia hậu trường và nhà biên kịch, nhưng các tác phẩm văn chương mới chính là thứ đưa tên tuổi của bà đến với đông đảo công chúng. Tiểu thuyết đầu tay của Perrin, tạm dịch Những người bị lãng quên ngày Chủ nhật (Les Oubliés du dimanche) giành được gần mười giải thưởng. Tiểu thuyết thứ hai, Hoa vẫn nở mỗi ngày cũng giành nhiều giải thưởng, nổi bật là Prix des Maisons de la Presse.'),
(1053, 8, 'Những chuyện tình thế kỷ mới', 536, 'Tàn tuyết', '2022-09-10', 208000, '2022-09-01', 'KDHP55N8.jpg', '<p><em>Những chuyện tình thế kỷ mới</em> là câu chuyện dốc lòng theo đuổi cuộc sống xứng đáng của những con người bình thường nhất, có thể gặp ở bất cứ đâu trên cõi đời này. Họ khao khát một cuộc sống tự do và bất chấp tất cả để theo đuổi thứ tự do ấy. Mà tình yêu chính là tột đỉnh của tự do. Nhưng giữa thế kỷ mới đầy biến động và phức tạp, chủ nghĩa vật chất lên ngôi, trên trái đất còn được bao nhiêu người tin vào tình yêu?</p>\r\n<p>Các nhân vật trong cuốn tiểu thuyết này đều có mối liên hệ ngầm với nhau, và trải nghiệm kỳ lạ của mỗi nhân vật khiến người ta có cảm giác họ là một linh hồn thống nhất sống trong nhiều kiếp sống, hoặc nói cách khác, là sự hóa thân của một Tàn Tuyết ở nhiều bản dạng [...]Thế giới phi lý trong tiểu thuyết của Tàn Tuyết thực chất là ẩn dụ cho bản chất của xã hội Trung Quốc hiện đại, và cốt lõi của những sáng tạo ấy - như tinh thần của văn học tiên phong mà bà đã kiên trì thực hành - không chỉ là \"nghệ thuật thuần túy\" mà còn là sự phản kháng không khoan nhượng với ý thức bá quyền và bạo lực.</p>\r\n<p>&nbsp;</p>\r\n<p>Nhà văn <strong>Tàn Tuyết</strong> tên thật là Đặng Tiểu Hoa, sinh năm 1953, quê gốc Trường Sa, tỉnh Hồ Nam, Trung Quốc. Cha mẹ bà làm việc tại tòa soạn <em>Nhật bảo Hồ Nam</em>, bị lên án là phái hữu và phải đi lao động cải tạo, bà được bài ngoại nuôi nấng. Sau khi bà ngoại qua đời trong một nạn đói vào đầu thời kỳ Cách mạng Văn hóa, việc học của Tiểu Hoa dừng lại ở bậc tiểu học. Năm 1985, ở tuổi ba mươi, Đặng Tiểu Hoa bắt đầu sáng tác với bút danh Tàn Tuyết. Tác phẩm của bà kết hợp giữa trải nghiệm tâm linh và tư duy triết học, khả năng khai thác những vùng miền sâu kín của tâm hồn con người và sự thực hành “văn học thuần túy”. Theo đánh giá của giới chuyên môn, tiểu thuyết cũng như phê bình văn học của Tàn Tuyết đã tạo ra một cuộc giải phóng chưa từng có về quan niệm sáng tác, phá vỡ trí tưởng tượng truyền thống của người đọc về văn học tại Trung Quốc.</p>\r\n<p>Các tác phẩm tiêu biểu của bà:</p>\r\n<p>- Phố Hoàng Nê (2000)</p>\r\n<p>- Phố Ngũ Hương (2002)</p>\r\n<p>- Những chuyện tình thế kỷ mới (2013)</p>\r\n<p>- Bác sĩ chân đất (2019)</p>\r\n<p>Trong đó tiểu thuyết <em>Những chuyện tình thế kỷ mới</em> đã lọt vào danh sách để cử giải thưởng Man Booker Quốc tế.</p>'),
(1054, 8, 'Ba ơi mình đi đâu', 178, 'Jean–Louis Fournier', '2019-11-25', 52000, '2019-11-01', 'NBKGGUBA.jpg', '<div><strong>Sơ lược về tác phẩm</strong></div>\r\n<div>&nbsp;</div>\r\n<div>\r\n<div>“Ba ơi mình đi đâu?” đã mở ra một thế giới nơi bóng tối ngự trị: thế giới của tật nguyền, của nỗi đau, của day dứt, của thất vọng… Nhưng lối dẫn dắt của Jean-Louis Fournier, một bậc thầy trào phúng đen, lại khiến ta phải cười, phải khóc, phải suy ngẫm và khi gấp sách cũng chính là lúc ta thôi bi lụy. Bởi chính ông, người cha có tới “hai ngày tận thế”, bằng cuốn sách mỏng nhưng lay động tâm can này, đã thắp lên niềm vui sống căn bản, dù mong manh nhưng không bao giờ lụi tắt.</div>\r\n&nbsp;“Một cuốn sách nhỏ để đến với điều cốt tủy.”&nbsp;Tác giả của nó đã muốn như thế khi lần đầu tiên đối diện nỗi đau tật nguyền của các con trai bằng văn chương. Sự dung dị, cảm động và độc đáo tràn đầy ở đó đã khiến “Ba ơi, mình đi đâu?” trở thành một kiệt tác nhỏ, đoạt giải Fémina, là tâm điểm của mùa sách văn học Pháp 2008.<br>&nbsp;\r\n<div>&nbsp;</div>\r\n<br><br><hr><strong>Nhận định</strong><br>\r\n<div>“Thoạt tiên ta sẽ sững sờ kinh ngạc trước câu chuyện nơi chừng ấy bi kịch hòa trộn với chừng ấy điều nực cười, chừng ấy bất hạnh, chừng ấy điều khủng khiếp hòa trộn với chừng ấy tình yêu thương và niềm âu yếm... Ta sẽ không bao giờ quên được Mathieu và Thomas.”</div>\r\n<div class=\"rteright\">- Telerama</div>\r\n<div>&nbsp;</div>\r\n<div>“Một cuốn sách nhỏ để đến với điều cốt tủy.”</div>\r\n<div class=\"rteright\">- Jean-Louis Fournier</div>\r\n<div>&nbsp;</div>\r\n<div>“Câu chuyện Jean-Louis Fournier dành cho hai cậu con trai tật nguyền của ông khiến người ta phải ngưỡng mộ... Những lá thư cảm ơn, những lá thư chia sẻ, những lá thư hết sức giản dị đến từ khắp bốn phương trời.”</div>\r\n<div class=\"rteright\">- Le Monde</div>\r\n<div>&nbsp;</div>\r\n<div>&nbsp;“Câu chuyện thường ngày với hai cậu con trai tật nguyền được viết thành những chương ngắn chừng một hoặc hai trang, trong đó chất hài hước, theo chủ định của tác giả, trước tiên sẽ là một niềm trìu mến chưa hề chau truốt.”</div>\r\n<div>&nbsp;</div>\r\n<div class=\"rteright\">- Cecile Mazin</div>\r\n<div>&nbsp;</div>\r\n<div>“Viết và hài hước để vượt qua tật nguyền.”</div>\r\n<div class=\"rteright\">- Déclic magazine</div>\r\n</div>'),
(1055, 8, 'Sống Ảo, Ảo Bao Nhiêu Cho Vừa?', 212, 'Nam Lâm', '2019-09-23', 79, '2019-09-19', 'YBCE7HQ3.jpg', '<p>Mất hàng triệu năm để con người phát minh ra chữ viết, hàng ngàn năm tạo ra sách vở, hơn một trăm năm tiến đến truyền thanh, vài chục năm làm chủ truyền hình. Thế nhưng, chỉ mất chưa đầy một thập niên, chúng ta bước vào kỷ nguyên bùng nổ thông tin. Thế giới mạng đã thay đổi toàn diện cách chúng ta sống, giao tiếp, học hành và làm việc.</p>\r\n<p>&nbsp;</p>\r\n<p><em>Sống ảo, ảo bao nhiêu cho vừa?</em>là bức tranh chi tiết về thời đại Internet. Thấu hiểu vấn đề của người trẻ, nắm bắt tâm lý của con người hiện đại, đưa ra các gợi ý để mỗi chúng ta xác định lại chân dung bản thân giữa thế giới phẳng đầy biến động.</p>\r\n<p>&nbsp;</p>\r\n<p>“Mỗi người chúng ta dù ở thời đại nào, suy cho cùng, vẫn có nhu cầu căn bản nhất: Được thấu hiểu và yêu thương. Để được như thế, chúng ta chỉ có một cách là dành thời giờ bên nhau, lắng nghe nhau. So với thời chưa có Internet, chúng ta đối diện ít hơn hay nhiều hơn các vấn đề? Chúng ta có hạnh phúc hơn không?Mọi ứng cứu đến từ bên ngoài đều vô nghĩa nếu không đi cùng sự biến chuyển bên trong của mỗi cá nhân. <em>Sống ảo, ảo bao nhiêu cho vừa?</em> là một cuốn sách để chúng ta cùng đọc, cùng suy nghĩ và cùng trả lời những câu hỏi của ngày hôm nay.”</p>\r\n<p>- Nhà văn Dương Thụy, tác giả <em>Oxford thương yêu</em></p>\r\n<p>&nbsp;</p>\r\n<p>“ ‘Không theo đuổi đam mê’, ‘đừng tin vào chân lý’&nbsp; là hai trong số rất nhiều lời chia sẻ của <em>Sống ảo, ảo bao nhiêu cho vừa?</em> Như một cốc cà phê, đủ ngọt để tin, đủ đắng để nhìn ra sự thật và phản biện lại chính những điều mà cuốn sách nêu ra. Và quan trọng nhất, là đủ caffeine để một người đọc trẻ tuổi buông sách xuống và lên kế hoạch đổi thay.”</p>\r\n<p>- Pgs.Ts Nguyễn Phương Mai, Đại học Khoa Hoc Ứng dụng Amsterdam, Hà Lan. Tác giả <em>Tôi là một con lừa</em> và <em>Con đường Hồi giáo</em></p>\r\n'),
(1056, 11, 'Nhất Nộ Bạt Kiếm', 464, 'Ôn Thuỵ An', '2019-07-10', 105000, '2019-06-29', 'nhatnobatkiem.jpg', 'Vương Tiểu Thạch và Bạch Sầu Phi đã trở thành phó lâu chủ của thế lực giang hồ lớn nhất Kinh thành, Kim Phong Tế Vũ lâu, song mỗi người mỗi chí: Vương Tiểu Thạch xa rời danh lợi, trở về Sầu Thạch trai chữa bệnh cứu người, vui đùa cùng đám bạn hữu giang hồ; còn Bạch Sầu Phi, tham vọng và quyết liệt, ngày một khuếch trương thế lực trong tổ chức, thậm chí phần nào lấn lướt cả lâu chủ Tô Mộng Chẩm\r\n\r\nTrong khi đó, các thế lực trong triều đình cũng bắt đầu rục rịch những âm mưu mới hòng thâu tóm nhân sĩ giang hồ. Cạm bẫy tung ra, móc vào Vương Tiểu Thạch. Rồi các nhân vật đầu não của một tổ chức giang hồ khác, Phát Mộng nhị đảng, bỗng nhiên bị ám toán trúng độc, để rồi quyền sinh quyền sát lọt vào tay đám ưng khuyển ở bộ Hình….\r\n\r\nVậy là, hai gã trẻ tài cao chí cả, giờ không chung chí hướng, liệu còn có thể chung đường?\r\n\r\nHảo hán giang hồ vốn tiêu diêu tự tại, nay thời vận xoay vần, có khi nào lại cúi mình khuất phục những thế lực triều đình hung hiểm?\r\n\r\nVà khi Vương Tiểu Thạch buộc phải từ bỏ cuộc sống thanh nhàn lạc thú, Nhất Nộ Bạt Kiếm tranh đấu cùng những âm mưu xấu xa nhằm vào quần hùng võ lâm, liệu thế cục có được xoay chuyển?');
INSERT INTO `sach` (`id_sach`, `id_danhmuc`, `ten_sach`, `sotrang_sach`, `tacgia`, `ngayphathanh`, `gia`, `namxb`, `hinhanh`, `mota`) VALUES
(1057, 11, 'Hiệp Nữ Khuynh Thành - Tập 2', 642, 'Đường Khả Điền', '2013-11-30', 151050, '2013-03-28', 'hiepnukhuynhthanh.jpg', '<div class=\"ToggleContent__View-sc-1dbmfaw-0 wyACs\" style=\"overflow: hidden; height: 500px;\"><p style=\"text-align: justify;\"><span style=\"font-size: medium; color: rgb(255, 102, 0);\"><strong>Hiệp Nữ Khuynh Thành - Tập 2</strong></span></p>\r\n<p style=\"text-align: justify;\">Diệp Khuynh Thành vốn là nữ sát thủ của thế kỷ 21 bị đầu thai vào gia đình nhà họ Diệp uy danh lừng lẫy. Thật không may, vừa mới chào đời, cô đã mang hình hài xấu xí và trên người bốc mùi hôi thối khiến ai cũng dè bỉu xa lánh. Duy chỉ có cha cô - Diệp Chấn Thiên hết mực yêu thương con gái. Kẻ thù của nhà họ Diệp đã giết hại ông nội cô và toàn bộ mọi người trong gia tộc, cha cô và hai anh họ cô ở chiến trường nên thoát nạn, cùng tìm đến Lão tổ tông nhà họ Diệp để tu luyện kiếm pháp.</p>\r\n<p style=\"text-align: justify;\">Diệp Khuynh Thành tuy tuổi nhỏ nhưng do có năng lực thiên bẩm, và với sự giúp đỡ của Lam Tố - chàng trai thần bí vô cùng tài giỏi, đã vượt qua bao khó khăn hiểm nguy ở chốn đầy rẫy yêu ma quái thú Thực Nhân Cốc, Hồng Hoang, đã trở thành một Kiếm vương tài giỏi.</p>\r\n<p style=\"text-align: justify;\">Vì sao Lam Tố lại không quản ngại tính mạng hết lần này đến lần khác bảo vệ chở che Khuynh Thành? Vì sao nhà họ Diệp hết mực trung thành với triều đình vẫn bị triều đình hủy diệt? Diệp Chấn Thiên bị trúng kịch độc, liệu Khuynh Thành có tìm được Ngũ Độc Thú chỉ có trong truyền thuyết để giải cứu cho người cha thân yêu của cô? Có những mối hiểm nguy nào đang rình rập chờ đợi cô ở phía trước? Liệu cô có thể trái đạo trời lên được tiên giới bình an để trùng phùng Lam Tố?</p>\r\n<p style=\"text-align: justify;\"><strong><span style=\"text-decoration: underline;\">Giới thiệu tác giả:</span></strong></p>\r\n<p style=\"text-align: justify;\"><strong>Đường Khả Điền</strong>, nhà văn nữ thuộc thế hệ 8 X, hội viên Hội Nhà văn tỉnh Quảng Đông, là tác giả ký hợp đồng với mạng QQ VIP. Năm 2011, cô đã vinh dự đạt được giải thưởng nhà văn mới xuất sắc nhất của mạng sách online QQ. Những tác phẩm tiêu biểu: \"Hiệp nữ Khuynh Thành\", \"Sát thủ 11 tuổi: phàm nữ tu chân\", \"Tai họa do cô đơn\", \"Ai mua tình yêu\",...</p>\r\n<p style=\"text-align: justify;\">Tính cách cô hơi kỳ lạ, có lúc nhiệt tình, có lúc lại lạnh lùng, rất lương thiện, cá tính, tùy hứng, hơi lười biếng,...</p>\r\n<p style=\"text-align: justify;\">Cô muốn được thả hồn phiêu lưu như cơn gió, mỉm cười đón nhận mọi phong ba bão tố cuộc đời.</p>\r\n<p style=\"text-align: justify;\"><strong><span style=\"text-decoration: underline;\">Lời bình:</span></strong></p>\r\n<p style=\"text-align: justify;\">- Trong cái xã hội ồn áo náo nhiệt, tình yêu đã trở thành một món đồ xa xỉ, nhưng sự kiên định trong tình yêu của Khuynh Thành đã khiến tôi vô cùng cảm động. Hơn nữa, ngòi bút của tác giả đã dẫn dắt độc giả cuốn vào những tình cảm rất chân thật của con người, tình thân, tình bạn, khiến chúng ta cảm nhận được sự ấm áp yêu thương. Đặc biệt là cha Diệp Khuynh Thành, dù con gái mình vừa xấu xí vừa hôi hám, ông vẫn luôn rất mực thương yêu. Thu hoạch lớn nhất của tôi khi đọc \"Hiệp nữ Khuynh Thành\" chính là làm việc gì chỉ cần kiên trì, nhất định sẽ có kết quả!</p>\r\n<p style=\"text-align: justify;\">- \"Hiệp nữ Khuynh Thành\" có cấu tứ câu chuyện tinh tế, khéo léo, tình tiết sinh động, hấp dẫn, khiến độc giả như bị cuốn vào trong truyện. Nhân vật Diệp Khuynh Thành trong truyện khiến ta vô cùng kính phục, bất luận gặp khó khăn trở ngại nào, cô cũng chưa bao giờ từ bỏ, cô luôn kiên định đối với tình yêu của mình.</p>\r\n<p style=\"text-align: justify;\">- Đọc \"Hiệp nữ Khuynh Thành\", tôi như chìm đắm vào thế giới khác, một thế giới đầy rẫy những cuộc giao đấu tàn khốc nhưng lại tràn ngập tình yêu thương. Tình thân, tình bạn, tình yêu đôi lứa ấn chứa trong từng trang sách khiến tôi vô cùng cảm động, cũng rút ra được nhiều bài học quý giá cho mình. Tình yêu giúp con người trở nên mạnh mẽ, có thể chiến thắng mọi sức mạnh tà ác, để có được hạnh phúc trọn vẹn.</p><div class=\"gradient\"></div></div>'),
(1058, 11, 'Ngốc Đại Hiệp (Trọn Bộ 4 Quyển) (Tái Bản)', 636, 'Dư Lôi', '2017-06-11', 115000, '2017-06-01', 'ngocdaihiep.jpg', '<p><strong>Ngốc Đại Hiệp (Trọn Bộ 4 Quyển) (Tái Bản) </strong>gồm những câu chuyện dí dỏm xoay quanh cậu bé bán mì A Cửu, khi tay nghề kéo mì được luyện thành Kungfu. Câu chuyện như một đặc ân dành cho những người hướng thiện…</p>\r\n<p>Bộ truyện gồm 4 tập:</p>\r\n<ul><li><span>Tập 1 - Lệnh Không Chữ </span>: Một đặc ân dành cho người hướng thiện cũng làm thay đổi cuộc đời của cậu bé bán mì A Cửu. Khi tay nghề kéo mì được luyện thành kungfu thì những câu chuyện dí dỏm về Ngốc đại hiệp cũng bắt đầu…</li>\r\n<li><span>Tập 2 - Lệnh Sát Thủ </span>: Cạm bẫy ngầm trong Vạn Kiếm sơn trang lại bị khởi động bởi một nhầm lẫn tức cười. Để bảo vệ bạn thân, A Cửu đã bị cuốn vào một cuộc đấu trí cam go. Một âm mưu lớn bắt đầu lộ diện…</li>\r\n<li><span>Tập 3 Lệnh Truy Nã: </span>Ai đã khiến cả giang hồ săn lùng A Cửu? Một cuộc trốn chạy căng thẳng và nguy hiểm bắt đầu với những màn bi kịch dở khóc dở cười. Cuối cùng vẫn là tình người chiến thắng.</li>\r\n<li><span>Tập 4 - Lệnh Đặc Xá </span>: Mục tiêu tranh giành của cả giang hồ. Dù không thể đứng ngoài cuộc. Cơn gió mới lại bắt đầu cuốn cậu bé ra khỏi sơn trang. Đến với 1 cuộc đấu trí ly kỳ khác.</li>\r\n</ul><p>Giá sản phẩm trên Tiki đã bao gồm thuế theo luật hiện hành. Bên cạnh đó, tuỳ vào loại sản phẩm, hình thức và địa chỉ giao hàng mà có thể phát sinh thêm chi phí khác như phí vận chuyển, phụ phí hàng cồng kềnh, thuế nhập khẩu (đối với đơn hàng giao từ nước ngoài có giá trị trên 1 triệu đồng).....</p>'),
(1059, 12, 'Sách Văn học kinh điển - Những người phụ nữ bé nhỏ', 700, 'Louisa May Alcott', '2021-10-20', 399000, '2021-10-10', 'sachvanhockinhdien.jpg', '<p>Thể loại: Văn học kinh điển</p>\r\n<p>Tác giả: Louisa May Alcott</p>\r\n<p>Người dịch: Nguyễn Thị Hạnh</p>\r\n<p>Hiệu đính: Tuyết Minh - Hồng Hạnh</p>\r\n<p>Liên kết xuất bản: Phuc Minh Books &amp; NXB Văn học</p>\r\n<p>Ấn bản Bìa cứng phổ thông: Bìa cứng, in offset bốn màu, cán mờ, phủ nhũ, bồi carton lạnh; Bìa áo in offset bốn màu, cán mờ, thúc nổi, phủ bóng, phủ nhũ.</p>\r\n<p>Khổ sách: 16 x 24 cm;</p>\r\n<p>Số trang: 700 trang/ cuốn;</p>\r\n<p>Louisa May Alcott (1832-1888) - là tiểu thuyết gia người Mỹ, nổi danh với tiểu thuyết <em>Những người phụ nữ bé nhỏ (1868)</em> và các phần tiếp theo gồm <em>Những chàng trai nhỏ (1871)</em> và <em>Những cậu bé của Jo (1886)</em>.</p>\r\n<p>Sinh ra và lớn lên trong một gia đình trí thức và được dạy dỗ nghiêm khắc ở New England, Alcott có cơ hội tiếp xúc với nhiều học giả lừng danh như Ralph Waldo Emerson, Nathaniel Hawthorne, Henry David Thoreau… Khoảng thời gian gia đình&nbsp; bà gặp khó khăn về tài chính đã tiếp thêm động lực để Alcott tập trung viết những câu chuyện lôi cuốn độc giả bao thế hệ. Bà đón nhận thành công đầu tiên vào năm 1860 với những truyện ngắn đăng trên tờ Atlantic Monthly với bút danh A. M. Barnard. Những sáng tác sau này của bà hướng đến motif người phụ nữ mạnh mẽ, độc lập và giàu trí tưởng tượng, điển hình như nhân vật Jo trong tác phẩm <em>Những người phụ nữ bé nhỏ</em>.</p>\r\n<p>Louisa May Alcott còn là người theo chủ nghĩa bãi nô và nữ quyền, tư tưởng tiến bộ đó cũng được truyền tải sâu sắc qua hầu hết những trước tác của bà. Trong suốt cuộc đời, bà đã cống hiến hết mình cho các phong trào cải cách thay đổi định kiến về phụ nữ, đòi quyền bầu cử bình đẳng cho nữ giớ</p>\r\n<p>Xuất bản lần đầu năm 1868, <strong>Những người phụ nữ bé nhỏ</strong> đã đưa tên tuổi Louisa May Alcott rực sáng trên văn đàn thế giới. Tác phẩm được xem là tiểu thuyết bán tự truyện, được nữ văn sĩ lấy cảm hứng và chất liệu từ cuộc sống thời thơ ấu của chính mình và ba người chị em của bà.</p>\r\n<p>&nbsp;&nbsp;&nbsp;&nbsp;&nbsp;&nbsp;&nbsp;&nbsp;&nbsp; Hơn 150 năm qua, câu chuyện về chị em nhà March vẫn luôn giữ được sức cuốn hút mãnh liệt, đưa cuốn tiểu thuyết <strong>Những người phụ nữ bé nhỏ</strong> trở thành một tác phẩm kinh điển của văn học Mỹ, làm say đắm biết bao thế hệ độc giả bởi nét cá tính hồn nhiên cùng những giá trị tư tưởng sâu sắc. Dưới ngòi bút tài hoa của Louisa May Alcott, bức tranh về gia đình nhà March hiện lên đa thanh đa sắc, khắc họa thành công quá trình trưởng thành của bốn cô gái từ lúc đương hoa cho đến khi trở thành những người phụ nữ đích thực: Meg xinh đẹp, thấu đáo; Jo mạnh mẽ, cá tính; Beth nhu mì, lặng lẽ; Amy cầu toàn, thanh lịch. Tác phẩm không chỉ giúp Alcott trang trải một phần cuộc sống khó khăn cho gia đình mà còn mang lại danh tiếng cho bà, bởi nó hàm chứa tư tưởng tươi mới, khác xa chuẩn mực đương thời…</p>\r\n<p>&nbsp;&nbsp;&nbsp;&nbsp;&nbsp;&nbsp;&nbsp;&nbsp;&nbsp; Trường thiên tiểu thuyết về bốn chị em nhà March đã trở thành biểu tượng cho tinh thần vượt lên trên mọi rào cản mà xã hội áp đặt cho người phụ nữ lúc bấy giờ, là nguồn cổ vũ lớn lao, nuôi dưỡng tâm hồn của mỗi cô gái dám tự tin khẳng định bản thân. Ai cũng có lựa chọn của riêng mình, độc thân hay kết hôn, an phận hay phấn đấu, bất luận ra sao, người phụ nữ luôn xứng đáng được viết nên câu chuyện của cuộc đời mình.</p><p>Giá sản phẩm trên Tiki đã bao gồm thuế theo luật hiện hành. Bên cạnh đó, tuỳ vào loại sản phẩm, hình thức và địa chỉ giao hàng mà có thể phát sinh thêm chi phí khác như phí vận chuyển, phụ phí hàng cồng kềnh, thuế nhập khẩu (đối với đơn hàng giao từ nước ngoài có giá trị trên 1 triệu đồng).....</p><div class=\"gradient\"></div>'),
(1060, 12, 'Những Người Vợ Tốt', 431, 'Luoisa May Alcott', '2022-05-15', 145000, '2022-08-08', 'nhungnnguoivotot.jpg', 'Những người vợ tốt là cuốn thứ 2 trong tổng số 4 cuốn của bộ sách Câu chuyện nhà March của tác giả Louisa May Alcott tại Việt Nam, cuốn đầu tiên là Những người phụ nữ bé nhỏ, và hai cuốn sau cuối lần lượt là Những chàng trai nhỏ và Các cậu bé của Jo.\r\nNhững người vợ tốt là phần tiếp theo viết nốt câu chuyện còn dang dở về “những người phụ nữ bé nhỏ” nhà March. Theo thời gian, bốn cô gái dần trưởng thành và tìm cho mình một vùng đất riêng giữa thế giới bao la, rộng lớn. Chị cả Meg kết hôn với người đàn ông của đời mình và có với anh một cặp song sinh đáng yêu. Meg dù là một người mẹ, người vợ tận tụy và yêu thương chồng con nhưng cô vẫn phải trải qua những thử thách trong cuộc sống riêng của mình, để sau cùng nhận ra những giá trị gìn giữ một mái ấm hạnh phúc.'),
(1061, 12, 'Cái Bóng Của Bí Mật', 424, 'Kim Jung - Hyuk', '2017-09-01', 108000, '2017-08-22', 'caibongcuabimat.jpg', 'Cái Bóng Của Bí Mật viết về một công việc lạ đời và một tính cách cũng nhiều phần quái lạ, ngày ngày Goo Dong Chi ngồi ở văn phòng trên tầng bốn tòa nhà Cá Sấu hờ hững chờ những cú gõ cửa đem tới đôi ba vị khách cùng một vài, hoặc rất nhiều, bí mật. Bí mật tìm đến gã không mong bị phanh phui mà cầu được lấp vùi. Gã lần theo bí mật không vì muốn vạch trần mà bởi cần chôn giấu. Nhưng một chuyến hành nghề lỗi, một chuỗi các mắt xích bung, một bí mật nằm sai chỗ đã xô gã ra khỏi vòng đuổi bắt an toàn mà gã vẫn ngỡ sẽ không bao giờ sai lệch, buộc gã phá vỡ các nguyên tắc của lý trí…'),
(1062, 15, 'The Witcher - Thuật Sĩ, Điều Ước Cuối Cùng', 352, 'Andrzej Sapkowski', '2022-09-01', 175000, '2022-08-08', 'thewitcher.jpg', '“Mỗi câu chuyện cổ tích đều chứa đựng chút ít sự thật…”\r\n\r\nGeralt xứ Rivia là một thuật sĩ, những kẻ từ nhỏ đã được huấn luyện và trải qua những biến đổi thể chất để đạt được thể lực hơn người. Với nhiều người, gã là thợ săn tiền thưởng, là phù thủy, kẻ đột biến đáng khinh, quân sát nhân máu lạnh. Mặc dù vậy, mục đích của Geralt chỉ có một: tiêu diệt đám quái vật đang lan tràn khắp thế giới. Nhưng Geralt không sống trong một thế giới nơi các quan niệm đạo đức đều rạch ròi trắng đen, hay mọi thứ xấu xí đều xấu xa. Gã vẫn tuân theo những nguyên tắc của riêng mình, dẫu cho có lúc phải lựa chọn đâu là phương án ít tàn ác hơn…\r\n\r\nĐây là 2 tập truyện ngắn giới thiệu các nhân vật và thế giới của thuật sĩ, trong đó trung tâm là Geralt xứ Rivia, mở đường cho trường thiên tiểu thuyết gồm 5 tập và 1 tiểu thuyết độc lập khác. Series về gã thuật sĩ Geralt xứ Rivia đã được dịch ra trên 37 thứ tiếng, biến Sapkowski thành nhà văn sci-fi và fantasy được dịch nhiều thứ hai của Ba Lan, sau Stanisław Lem.\r\n\r\nTÁC GIẢ:\r\n\r\nAndrzej Sapkowski (21/6/1948) là tác giả fantasy người Ba Lan. Trước khi chuyển sang viết văn, ông từng là một người bán hàng cấp cao đại diện cho một công ty thương mại quốc tế, sau đó ông bắt đầu sự nghiệp văn chương bằng việc dịch các tác phẩm sci-fi nước ngoài. Ông kể mình đã viết truyện ngắn đầu tiên - “Thuật sĩ” (tiếng Ba Lan: “Wiedźmin”, tiếng Anh: “The Witcher”) - để tham dự một cuộc thi do tạp chí Fantastyka chuyên về sci-fi và fantasy của Ba Lan tổ chức, và đã giành giải ba. Từ đó, ông đã sáng tạo ra một loạt các câu chuyện đặt trong thế giới của “Thuật sĩ”, hợp thành 2 tập truyện ngắn và 6 tiểu thuyết. Loạt truyện này đã góp phần đưa ông thành nhà văn fantasy nổi tiếng nhất Ba Lan những năm 1990.\r\n\r\nNăm 2001, loạt phim truyền hình chuyển thể từ tác phẩm được ra mắt ở Ba Lan và thế giới, với tên Wiedźmin (The Hexer trong tiếng Anh). Năm 2007, nhà phát triển game Ba Lan, CD Projekt Red, cho ra mắt The Witcher, tựa game nhập vai đầu tiên dựa theo tác phẩm. Các phần game tiếp theo lần lượt được phát hành là The Witcher 2: Assassins of Kings (2011) và The Witcher 3: Wild Hunt (2015). Năm 2019, Netflix cho ra mắt mùa đầu tiên phiên bản phim chuyển thể nói tiếng Anh, tên gọi The Witcher. Mùa thứ hai của phim được ra mắt năm 2021, cùng với các dự án phim tiền truyện khác.'),
(1063, 15, 'Những Vị Thần Nước Mỹ', 648, 'Neil Gaiman', '2021-12-31', 250000, '2021-12-01', 'nhungvithannuocmy.jpg', '<p>“Độc đáo, cuốn hút, và sáng tạo bất tận.”</p>\r\n<p>- George R. R. Martin, tác giả của Trò chơi vương quyền -</p>\r\n<p>“Những vị thần nước Mỹ đã thành công trong việc tái sáng tạo, cũng như khẳng định tầm quan trọng lâu dài của văn chương kỳ ảo trong thời đại ngày nay.”<br>- Michael Chabon -</p>\r\n<p>Shadow sắp sửa mãn hạn tù. Anh khấp khởi nghĩ về thời khắc phóng thích sắp đến, về một cuộc sống giản dị êm đềm bên cạnh người vợ mà anh yêu tha thiết. Nhưng ngày ra tù, anh biết tin vợ mình vừa qua đời trong một tai nạn giao thông, và trên máy bay anh gặp một ông già tự xưng là Wednesday đòi thuê anh làm vệ sĩ. Theo một lối dần dà nhưng chắc chắn, mềm mại nhưng khôn cưỡng, Shadow bị cuốn vào một trận chiến kinh thiên động địa của các vị thần giữa lòng nước Mỹ hiện đại.</p>\r\n<p>Hiếm nhà văn nào có thể tạo ra được một thế giới hư cấu vừa chân thực lại vừa kỳ ảo, vừa phức tạp lại vừa cuốn hút được như Neil Gaiman. Một cách khéo léo và tinh vi, Neil Gaiman lồng vào bên dưới bề mặt thực tại vô cùng gần gụi và bình thường với chúng ta, một thế giới thăm thẳm và biến ảo khôn lường của các thánh thần.</p>\r\n<p><strong>TÁC GIẢ:</strong></p>\r\n<p>Neil Gaiman (10/11/1960) là nhà văn Anh gốc Do Thái, tác giả của nhiều tiểu thuyết, truyện ngắn, truyện tranh nổi tiếng. Ông là chủ nhân của nhiều giải thưởng danh giá, bao gồm giải thưởng Hugo, Nebula, và giải Bram Stoker, cùng với huân chương Newbery và Carnegie. Chịu ảnh hưởng sâu sắc từ các thần thoại cổ xưa, Neil Gaiman được coi là một cây bút có biệt tài sáng tạo ra những thế giới hư cấu huyền hoặc mà người đọc một khi đặt chân vào thì không thể nào dứt khỏi.</p>\r\n<p>Những tác phẩm của Neil Gaiman đã được Nhã Nam xuất bản:</p>\r\n<p>- Coraline</p>\r\n<p>- Bụi sao</p>\r\n<p>- Đại dương cuối đường làng</p>\r\n<p>- Còn sữa là còn hy vọng</p>\r\n<p>- Thần thoại Bắc Âu</p>\r\n<p>- Câu chuyện nghĩa địa</p>'),
(1064, 15, 'Chuyện Con Mèo Lập Kèo Cứu Sách', 256, 'Natsukawa Sosuke', '2022-08-18', 119000, '2022-08-08', 'chuyenconmeolapkeocuusach.jpg', '“Có rất nhiều sách bị nhốt ở một nơi.”\r\n\r\n[…]\r\n\r\n“Lão phải cứu đám sách bị nhốt ấy. Hãy cho lão mượn sức.”\r\n\r\nBỗng đâu một ngày, một con mèo mướp thân thế kỳ bí thạo tiếng người chình ình xuất hiện ở tiệm sách cũ Natsuki và bảo với Natsuki Rintaro như vậy. Lòng đầy nghi hoặc song sẵn tình yêu vô bờ với sách, Rintaro gật đồng đồng ý như một lẽ cố nhiên. Và thế là, những cuộc phiêu lưu vào thế giới sách bắt đầu.\r\n\r\nMột cậu nhóc cấp ba sẽ đối đầu với bậc trí thức đọc trăm cuốn sách mỗi tháng, với học giả chuyên nghiên cứu về sách, với giám đốc nhà xuất bản sách như thế nào để cứu sách thoát khỏi mê cung dựng lên từ những lý tưởng lệch lạc?\r\n\r\nChuyện con mèo lập kèo cứu sách như một lời nhắc nhớ về sức mạnh khôn cùng của sách, và về một tình yêu sách tinh khôi.\r\n\r\nVề tác giả:\r\n\r\nNatsukawa Sosuke sinh năm 1978 tại Osaka. Anh là bác sĩ làm việc tại một bệnh viện của tỉnh Nagano.\r\n\r\nNăm 2009, Natsukawa Sosuke ra mắt tác phẩm đầu tay Bệnh án của thần linh, cuốn sách mang lại cho anh giải Shogakukan mảng tiểu thuyết lần thứ 10.\r\n\r\nChuyện con mèo lập kèo cứu sách xuất bản vào tháng Một năm 2017 và được dịch ra nhiều thứ tiếng.'),
(1065, 13, 'Những Bài Thơ - Tác Phẩm Chọn Lọc - Văn Học Ấn Độ', 152, ' Rabindranath Tagore', '2019-04-20', 40000, '2019-04-16', 'nhungbaitho.jpg', '“Bản chất Tagore là như vậy: một nhân cách lớn có tầm suy tưởng vươn cao hơn thời đại mình, có ý thức quyết liệt giải phóng con người mình, rất gần với tư tưởng cách mạng dân tộc dân chủ, chứ không hề chịu lặng lẽ ngụp lặn trong các khuynh hướng tôn giáo và triết lí duy tâm siêu hình hay nhập thân vào các ý niệm tượng trưng thần bí, để bị động rơi vào tâm trạng bi quan, cô độc, thiển cận và hoài cổ, như một số trí thức Ấn Độ đương thời. Chính vì thế, ông đã trở thành chiếc đầu tàu tạo nên cuộc Phục Hưng văn hóa Ấn Độ, kéo dài gần bốn chục năm.”\r\n\r\nNhà thơ Bằng Việt\r\n\r\nNhà thơ RABINDRANATH TAGORE (1861 – 1941)\r\n\r\n• Sinh tại Kolkata, Tây Bengal, Ấn Độ\r\n\r\n• Giải Nobel Văn học năm 1913\r\n\r\nRabindranath Tagore là tác giả của hơn 1.000 bài thơ (50 tập), 12 bộ tiểu thuyết, 42 vở kịch, 2.000 tranh vẽ, 2.000 bài hát và hàng trăm luận văn, truyện ngắn…\r\n\r\nDịch giả BÙI XUÂN\r\n\r\nSinh năm 1959\r\n\r\nQuê quán: Đại Lộc, Quảng Nam\r\n\r\nHội viên Hội Nhà văn Việt Nam\r\n\r\nHội viên Hội Khoa học Lịch sử Việt Nam.\r\n\r\n• Tác phẩm văn học: Thơ đề trên chiếc lá rụng (Thơ, NXB Đà Nẵng, 1997); Ẩn dụ mưa (Thơ, NXB Hội Nhà văn, 2007).\r\n\r\n• Tác phẩm dịch: Bầy chim lạc (Thơ R. Tagore, NXB Đà Nẵng 2012, NXB Kim Đồng, 2017); Mùa hái quả (Thơ R.Tagore, NXB Đà Nẵng, 2013, NXB Kim Đồng, 2017); Người thoáng hiện (Thơ R. Tagore, NXB Đà Nẵng, 2015, NXB Kim Đồng, 2017); Chú hươu cao cổ trắng (Truyện dài của Lauren St John, NXB Kim Đồng, 2018); Những bài thơ (Thơ R. Tagore, NXB Kim Đồng, 2021); Đêm trung thành và đức hạnh (Thơ Louise Gluck, Nobel Văn học 2020), Những khúc hát của Kabir (sẽ in)…'),
(1066, 13, 'Faust', 580, 'Johann Wolfgang Goethe', '2015-12-02', 140000, '2015-11-25', '81UB49RC.jpg', '<p>Trong đêm tối nghìn năm Trung cổ, nhân loại dần tỉnh giấc, dấn bước kiếm tìm giá trị bản thân và nhận thức thế giới. Trên chặng đường đó, đã sinh ra Faust - một nhân vật có thật, được huyền thoại hóa nhiều vào bậc nhất lịch sử thế giới, cả trong văn học dân gian lẫn văn học bác học, với đỉnh cao của mọi đỉnh cao là Faust của <strong>Johann Wolfgang von Goethe.</strong></p>\r\n<p>Là quân bài trong ván bài cá cược giữa Đức Chúa Trời và Quỷ, khi già nua, tinh thần kiệt quệ, Faust đã lấy máu mình ký kết một bản hợp đồng thật hoang đường - bán linh hồn cho Quỷ. Rồi Quỷ làm bùa phép, trẻ hóa vị học giả thông kim bác cổ. Faust, trong khát vọng cháy bỏng muốn khám phá bí mật của tự nhiên và tận hưởng lạc thú thế gian, diễu qua sân khấu cuộc đời với nhiều diện mạo. Nhưng dù là ai, kẻ ăn chơi phóng đãng, hay bậc anh hùng chinh phục thế giới, trong thời đại của phong trào Bão táp và Xung kích, Faust của Goethe - vẫn luôn là người hành động, không ngừng vươn lên, trưởng thành qua mọi bi kịch để nhận ra ý nghĩa của hiện hữu, vĩnh viễn là tượng đài trường tồn uy nghi cho tinh thần của nhân loại cách mạng và hiện đại.</p>\r\n<p>&nbsp;</p>\r\n<p><em>\"Faust là sự tinh túy trong sáng nhất, sâu sắc nhất của thời đại, được tạo ra từ những gì mà toàn bộ thời đại chứa đựng và cả những gì thời gian sẽ còn chứa đựng.\"</em></p>\r\n<p>- <strong>Friedrich Wilhelm Joseph Schelling</strong>, triết gia Đức</p>'),
(1067, 13, 'Phố Descartes', 124, 'Czeslaw Milosz', '2016-10-03', 60000, '2016-10-01', 'BAH4ZA6H.jpg', '<p>“Chúng ta cùng chung một số phận nhọc nhằn</p>\r\n<p>một nỗi âu lo dũng mãnh</p>\r\n<p>một chiếc bánh mỳ đắng cay</p>\r\n<p>một hạt muối đầy nước mắt.</p>\r\n<p>Vậy nên em yêu</p>\r\n<p>hãy bỏ lại tất cả những muộn phiền</p>\r\n<p>và thanh thản ngả đầu vào bờ vai anh vững chắc.”</p>'),
(1068, 18, 'Trình tự Kudryavka', 410, 'Yonezawa Honobu', '2019-07-31', 129000, '2019-07-26', 'EW9N5S5X.jpg', '<p>Sự kiện mọi người hằng mong chờ - Lễ hội văn hóa trường Kamiyama bắt đầu.</p>\r\n<p>&nbsp;</p>\r\n<p>Thế nhưng một vụ việc vô cùng nghiêm trọng xảy đến với câu lạc bộ Cổ Điển của Oreki Hotaro. Tập san Kem Đá Do bị in quá số lượng do một chút nhầm lẫn. Trong lúc các thành viên đang vò đầu bứt tai tìm cách giải quyết núi tập san, một tên “siêu trộm” đã xuất hiện. Quân cờ vây, lá bài tarot, khẩu súng nước… những đồ vật bình thường lần lượt biến mất một cách bất thường. Và câu lạc bộ Cổ Điển quyết định…</p>\r\n<p>&nbsp;</p>\r\n<p>Phải giải quyết vụ này để cả trường biết đến câu lạc bộ Cổ Điển, nhờ đó hoàn thành mục tiêu bán sạch đống tập san!</p>\r\n<p>&nbsp;</p>\r\n<p>Một lần nữa, chàng “thám tử” Hotaro lại bị sự hăng hái của bạn bè lôi vào một bí ẩn mới…</p>'),
(1069, 18, 'Pikalong - LONG YÊU VIỆT NAM', 136, 'Thăng Fly Comics', '2019-09-23', 75000, '2019-09-20', 'IR9GZAXT.jpg', ''),
(1070, 18, 'Thiên đường tiền xu tập 1', 144, 'Hiroshima Reiko', '2019-05-02', 70000, '2019-04-30', 'Z3UWNXIA.jpg', '<p>Bánh kẹo ở Thiên đường tiền xu ẩn chứa một sức hút vô cùng kỳ lạ, chẳng ai cưỡng lại được! Nào Kẹo dẻo người cá, Bánh quy mãnh thú, Kem ma ám, Cần câu bánh cá nướng…, thứ nào cũng lấp lánh mời gọi. Để rồi, khách cứ thế bước vào tiệm, vui vẻ trao cho bà chủ Beniko một đồng xu và nhận lại món bánh kẹo nào đó mà họ ngỡ như chính định mệnh của đời mình. Nhưng họ chẳng hề hay biết, rằng chính những món đồ ngọt nhỏ bé đó sẽ dẫn họ bước vào một con đường, nơi ranh giới giữa hạnh phúc và bất hạnh thì vô cùng mong manh…</p>'),
(1071, 18, 'Thiên đường tiền xu tập 2', 144, 'Hiroshima Reiko', '2019-05-04', 77000, '0020-05-01', 'NJ94XZJX.jpg', '<p>Thiên đường Tiền xu vẫn vậy, luôn làm vui lòng khách đến , vừa lòng khách đi. Ngặt một nỗi đám bánh kẹo ở tiệm lạ làng quá, khiến họ mê mẩn hết rồi. Đến nỗi lần nào Beniko cũng phải cẩn thận dặn dò khách về những tai ương có thể ập đến nếu lỡ ăn bánh kẹo không đúng cách, vậy mà người thì quên béng, người thì nghe rồi bỏ đấy. Để rồi cuối cùng có thể bị cuốn vào một thế giới xa lạ...</p>'),
(1072, 18, 'Thiên đường tiền xu tập 3', 145, 'Hiroshima Reiko', '2019-06-27', 70000, '2019-06-20', 'LU8RY7GQ.jpg', '<p>Thiên đường Tiền xu có đối thủ cạnh tranh! Đó là điều chẳng ai ngờ tới, bởi bánh kẹo nơi đây mang sức mạnh thay đổi cả vận mệnh người sở hữu chúng. Nhưng Cửa hiệu Tai ương đã xuất hiện. Ma thuật hay không thì bánh kẹo ở đây cũng không hề kém cạnh. Chỉ có điều, trong khi bánh kẹo Thiên đường tiền xu đưa đường chỉ lối con người ta đến những gì tươi sáng, thì các món hàng của Cửa hiệu tai ương lại có thể khơi dậy những mảng tối sâu nhất trong tâm hồn mỗi người. Để rồi, một cuộc đấu kẹo vô cùng ly kỳ&nbsp; bắt đầu, mở ra một thế giới ngỡ chỉ có trong mơ, ma mị và lôi cuốn ta tới tận trang cuối.</p>'),
(1073, 18, 'Thiên đường tiền xu - Câu chuyện về tiệm bánh kẹo ma thuật 4', 168, 'Hiroshima Reiko', '2019-07-30', 80000, '2019-07-25', 'B7EW1UG3.jpg', '<p>Cuộc đấu đã chính thức bắt đầu! Hoa quả đóng hộp linh tính và Bánh giầy rán lươn lẹo, Hộp tiết kiệm giấc ngủ và Bánh gạo mất ngủ… Liệu bánh kẹo ở một cửa tiệm thử vận may người mua như Thiên đường tiền xu có thể&nbsp; níu chân khách hàng trước đám bánh kẹo đầy cám dỗ chết người từ Cửa hiệu tai ương? Ham muốn rồi ân hận, mừng vui rồi phẫn nộ, ganh ghét rồi đồng cảm… Cuộc phiêu lưu vào thế giới ma thuật với mọi cung bậc cảm xúc vẫn vô cùng gay cấn và đầy bất ngờ ở phía trước.</p>'),
(1074, 19, 'Những người bạn ngộ nghĩnh - Anh cua thợ may', 28, 'Băng Ba', '2019-07-09', 28000, '2019-07-07', 'ITNG91CD.jpg', 'Bộ truyện tranh đồng thoại gồm 6 cuốn là sáu câu chuyện về các loài vật nhỏ đáng yêu trong rừng được minh họa sinh động với nét vẽ tay, mang lại cho các bạn nhỏ những câu chuyện cảm động và bổ ích về tình bạn, lòng trung thực, tinh thần chăm chỉ yêu lao động.'),
(1075, 18, 'Bí mật rất cần bật mí ', 40, 'Jayneen Sanders', '2019-07-04', 38000, '2019-07-01', 'F6RGT4UR.jpg', '<p>Cậu bé Alfred có một bí mật cực kỳ khó chịu về người chủ nhà đang thuê mẹ cậu dọn dẹp. Nếu nói ra, mẹ cậu sẽ mất việc; nếu không nói, cậu phải tiếp tục sự chịu đựng kinh khủng.</p>\r\n<p><strong>Có những&nbsp;BÍ MẬT rất cần BẬT MÍ!</strong></p>\r\n<p><em>Rất nhiều khi kẻ lạm dụng trẻ em chính là những người quen. Rất nhiều trường hợp, trẻ không dám nói rõ bí mật với chính bố mẹ mình.&nbsp;Cuốn sách này cung cấp kỹ năng cần thiết để trẻ tự bảo vệ bản thân, sách còn khuyến khích trẻ lên tiếng.</em></p>'),
(1076, 18, 'Gia tộc thần bí', 450, 'Morimi Tomihiko', '2019-04-22', 140000, '2019-04-18', 'EU15OAGL.jpg', '<p>Rừng thiêng Tadasu giữa đêm giông tố. Phố Pontocho cổ kính bên dòng sông Kamo êm đềm. Hội đốt lửa Gozan rực sáng mang theo những hồi ức. Con đường Karasuma chìm trong trận bão hoa anh đào. Và những vò rượu Denki Bran tuy là hàng giả nhưng làm cho muôn người say mê, còn trở thành nguyên liệu đưa một căn phòng bay lên trời...</p>\r\n<p> </p>\r\n<p>Ở một Kyoto như thế đã diễn ra câu chuyện về một gia đình kỳ lạ gồm những con chồn Tanuki có khả năng thay hình đổi dạng. Bốn anh em mỗi người một tính và người mẹ đầy ắp tình thương, họ cùng nhau cố gắng hàn gắn lỗ hổng để lại sau sự ra đi của người cha. Với ngòi bút tràn đầy tình cảm, Morimi đã đưa người đọc đến với một Kyoto đầy sắc màu, của thiên nhiên, của con người, và của những nhân vật không-hẳn-là-người.</p>'),
(1077, 18, 'Vật linh hội 3 - Lựa chọn mù', 219, 'Thiên Xuyên', '2019-04-22', 86000, '2019-04-18', 'BTD7WCTQ.jpg', '<p>Tiệm cầm đồ ế ẩm mang cái tên kỳ quặc Quán Cơm Trà ấy, vẫn luôn là chốn về của các vật linh – những linh thể có đủ mọi tình cảm hỉ nộ ái ố, nhưng lại chỉ hiển hiện trước mặt rất ít người, và một trong số đó là tay chủ tiệm A Lạc kiết xác mồng tơi.</p>\r\n<p> </p>\r\n<p>Lần này, A Lạc bị cậu bạn thân Vương Trình ép phải giúp thuyết phục mẹ vợ tương lai là một thầy bói mù đồng ý phẫu thuật mắt để lấy lại ánh sáng. Nhưng càng đi sâu tìm hiểu vụ việc, gã càng khám phá ra những uẩn khúc về tình cảm giữa con người với vật linh. Vật linh có quyền lựa chọn cuộc sống của mình không? Và chủ nhân của nó phải làm gì trước lựa chọn ấy? </p>'),
(1078, 18, 'Giận ơi là giận', 26, 'Mireelle d\"Allance', '2018-12-13', 32000, '2018-12-10', 'EIT922YH.jpg', ' <p><strong>giận ơi là giận</strong></p>\r\n<p><strong>giận là gì nhỉ?</strong></p>\r\n<p><strong>sao cứ ấm ách</strong></p>\r\n<p><strong>một cục trong lòng.</strong></p>\r\n<p>Hãy để cuốn sách nhỏ này giải đáp cho các bé câu hỏi hóc búa ấy, và giúp các bé biết cách kiểm soát thật tốt&nbsp; cơn giận dữ trong lòng nhé </p>'),
(1079, 18, 'Ngày bút sáp trở về', 44, 'Drew Daywalt - Oliver Jeffers', '2018-11-22', 70000, '2018-11-20', '1VHQID5M.jpg', ''),
(1080, 18, 'Gấu à! Cậu ổn chứ', 34, 'Jungmin Kim (Lời và tranh)', '2018-10-25', 46000, '2018-10-14', 'KJQIEYFW.jpg', '<p>Các bạn của Gấu con đều lo lắng vì hình như Gấu bị làm sao mất rồi. Cậu ấy cầm một cuốn sách, chẳng nói chẳng rằng, rồi cau mày, nhăn mặt, rồi còn cười và khóc nữa cơ! Rốt cuộc Gấu bị bệnh gì nghiêm trọng vậy?</p>\r\n<p>&nbsp;</p>\r\n<p>Một cái kết cực kỳ thú vị và vượt khỏi dự đoán của chúng mình đang chờ bạn đấy! Và bạn còn luyện được cả tiếng Anh khi đọc cuốn sách song ngữ này.</p>\r\n<p>&nbsp;</p>\r\n<p>Dành cho các bé 2-6 tuổi rất yêu đọc sách</p>'),
(1081, 18, 'Con mèo số một thế giới', 104, 'Higuchi Yuko', '2018-09-26', 82000, '2018-09-22', 'FA99XOWW.jpg', '<p>Miu Xám là bạn thân nhất của chú bé từ khi chú còn nhỏ xíu. Ngày nào chú bé cũng ôm Miu Xám đi ngủ. Lúc buồn, lúc vui, họ đều ở bên nhau. Miu Xám đích thực là con mèo bông hạnh phúc nhất trên đời.</p>\r\n<p>&nbsp;</p>\r\n<p>Nhưng chú bé đã bảy tuổi rồi, sắp đến độ tuổi mà mọi đứa trẻ đều chán chơi thú bông. Miu Xám lo lắm. Miu Xám muốn trở thành mèo thật để được ở bên chú nhiều hơn.Miu Xám muốn trở thành con mèo số một thế giới để được chú yêu thương mãi mãi.</p>\r\n<p>&nbsp;</p>\r\n<p>Theo lời các bạn mách bảo, Miu Xám lên đường đi tìm những sợi ria mèo có phép thuật để biến ước mơ của mình thành hiện thực. Nhưng “số một thế giới” là gì? Hạnh phúc thật sự là gì? Trên hành trình nhiều niềm vui nhưng cũng lắm gian nan đó, liệu Miu Xám có thể tìm được câu trả lời?</p>\r\n<p>&nbsp;</p>\r\n<p>Một cuốn sách có thể khiến tim ta ấm áp, của Higuchi Yuko, hoạ sĩ nổi tiếng Nhật Bản.</p>'),
(1082, 20, 'Tô màu phát triển não bộ cho bé 1-5 tuổi Tập 6', 18, 'Phạm Ngọc Điệp', '2022-09-09', 16000, '2022-09-07', 'NYO2UXWV.jpg', 'SÁCH TÔ MÀU PHÁT TRIỂN NÃO BỘ \r\nDành cho bé 1-5 tuổi:\r\n\r\nBố mẹ biết chứ, trẻ dưới 18 tháng đã có khả năng chuyển tải suy nghĩ và cảm xúc bằng hình ảnh có màu sắc. Tô màu giúp trẻ rèn kỹ năng điều khiển vận động của đôi tay, tăng khả năng quan sát, được sáng tạo và tưởng tượng một cách tự nhiên, được luyện khả năng tập trung và kiên trì, tăng khả năng thưởng thức cái đẹp trong cuộc sống. Với trẻ nhỏ tuổi, học là chơi và chơi là học. Tranh tô màu chính là những \"bài học\" có sức mạnh to lớn với trẻ, bố mẹ ạ!'),
(1083, 31, 'Công thức hạnh phúc', 164, 'Manfred F. R. Kets de Vries', '2020-08-10', 88000, '2020-08-08', 'NLL2XI5Y.jpg', 'Hạnh phúc thực ra là gì? Công thức nào tạo ra hạnh phúc?\r\n\r\nTrong cuốn sách này, Kets de Vries nỗ lực giải cấu trúc khái niệm trừu tượng ấy. Ông đi từ quan điểm sinh học, thống kê học, tâm lý học, triết học tự cổ chí kim đến cả các trích dẫn từ nhà văn, nhà thơ, nghệ sĩ, và trên hết, những trải nghiệm cá nhân, nhằm tìm ra một \"đơn thuốc\" giúp tăng cường khả năng đạt được hạnh phúc. Đơn thuốc ấy có hiệu quả hay không tùy thuộc ở mỗi người, nhưng có một điều chắc chắn: hạnh phúc luôn ở đâu đó, trong hiện tại và trong tương lai, và ta không bao giờ được mất hy vọng.\r\n\r\nTác giả\r\nMANFRED F. R. KETS DE VRIES là một học giả về quản trị, nhà phân tâm học, cố vấn, giáo sư môn phát triển lãnh đạo và thay đổi tổ chức tại trường kinh doanh INSEAD. Ông là tác giả của 48 cuốn sách cùng hơn 500 bài luận khoa học về các chủ đề như lãnh đạo, phát triển sự nghiệp và thay đổi tổ chức. Năm 2001, ông được Hiệp hội Tâm lý học Hoa Kỳ trao giải Harry và Miriam Levinson vì những đóng góp trong lĩnh vực tư vấn. Năm 2005, ông là người nước ngoài đầu tiên nhận Giải Lãnh đạo Quốc tế của Hoa Kỳ dành cho những đóng góp của ông trong lĩnh vực quản trị. Các tạp chí The Financial Times, Le Capital, Wirtschaftswoche và The Economist xếp ông là một trong những nhà tư tưởng về lãnh đạo hàng đầu thế giới.'),
(1084, 31, 'Sổ tay ăn dặm của mẹ', 267, 'BS Lê Thị Hải', '2020-03-23', 99000, '2020-03-18', 'VQ38ELMV.jpg', '<p>“Trong quá trình khám chữa bệnh, tôi gặp nhiều trường hợp các em bé bị suy dinh dưỡng, còi xương không phải vì gia đình không có điều kiện mà do… quá có điều kiện. Tôi gặp những em bé khá bụ bẫm nhưng bố mẹ vẫn đưa đi khám vì thấy con không tăng cân và cho là con biếng ăn. Trong khi đó cũng có những trường hợp bố mẹ nói rằng con ăn rất được nhưng thực ra khẩu phần dinh dưỡng lại không đủ hoặc không cân đối. Nhưng biếng ăn là câu chuyện tôi gặp nhiều nhất. Chưa bao giờ câu chuyện cho bé ăn gì và ăn như thế nào lại khiến các bố mẹ lo lắng nhiều như vậy.</p>\r\n<p>Chính vì thế tôi viết cuốn sách <strong><em>Sổ tay ăn dặm của mẹ</em></strong> này với hi vọng có thể giải đáp được phần lớn thắc mắc của các bà mẹ khi cho con ăn dặm. Sách được trình bày dưới dạng hỏi đáp ngắn gọn, cô đọng để mẹ nắm được những kiến thức cơ bản về dinh dưỡng cho bé trong độ tuổi ăn dặm, giải đáp thắc mắc về thói quen ăn uống và tiêu hóa của bé, hay là cách chăm sóc bữa ăn cho bé khi bé bị bệnh, cách chế biến và bảo quản thực phẩm khoa học.”</p>\r\n<p>- Lê Thị Hải</p>'),
(1085, 31, 'Nhân vật nổi tiếng thế giới - Khoa học và phát minh', 126, 'Renzo Barsotti , Eleonora Barsotti', '2020-03-02', 149000, '2020-02-25', 'O1QJP46H.jpg', 'Nhắc đến khoa học, hẳn chúng ta sẽ nghĩ ngay đến kiến thức. Nhưng cuốn sách này không chỉ chứa những kiến thức khô cứng. Sách mở ra cho bạn thấy nhân sinh quan tươi sáng và tinh thần vươn lên của các vĩ nhân, sách còn kể lại những trải nghiệm xây đắp nên sự vĩ đại của họ.\r\n\r\n \r\n\r\nCuốn sách này miêu tả ngắn gọn cuộc đời và ý chí của hơn 300 vĩ nhân ghi dấu bằng các kỷ lục xuất sắc trong nhiều lĩnh vực khoa học. Việc học hỏi tri thức sẽ diễn ra rất tự nhiên khi bạn rung động và cảm phục những tấm gương xuất sắc của nhân loại.\r\n\r\n \r\n\r\nKhoa học là để phụng sự cuộc sống, hãy cảm nhận hơi thở khoa học trong từng giây phút cuộc đời các vĩ nhân!'),
(1086, 31, 'Nhân vật nổi tiếng thế giới - Văn học và nghệ thuật', 126, 'Renzo Barsotti , Eleonora Barsotti', '2020-03-02', 149000, '2020-02-25', '7YE3DVSO.jpg', 'Các hoạt động nghệ thuật và văn hóa giúp chúng ta giải tỏa căng thẳng trong cuộc sống và còn từng bước vun đắp tâm hồn ta.\r\n\r\n \r\n\r\nCuốn sách này giới thiệu hơn 300 người nổi tiếng trong nhiều lĩnh vực văn hóa, nghệ thuật, ca hát, biểu diễn. Ta sẽ hiểu kỹ hơn về cuộc đời, sự nghiệp, những thăng trầm của họ trước và sau ánh đèn sân khấu. Những điểm chung của họ như tinh thần luôn tự làm mới mình, nhiệt huyết cống hiến cho công chúng, sự học hỏi không ngừng… sẽ là nguồn động viên lớn cho mỗi chúng ta!'),
(1087, 31, 'Sống khoẻ không rủi ro', 348, 'Frédéric Saldmann', '2019-12-19', 118000, '2019-12-12', 'YDEEN3F2.jpg', '<p>Nên rửa tay trước hay sau khi đi vệ sinh, đá lạnh có thể giúp giảm cân, ôm giúp cắt cơn đói, tiểu đứng hay tiểu ngồi có lợi, đạp xe nhiều làm giảm nhu cầu tình dục,...? Bằng cách cung cấp những quy tắc vệ sinh đáng ngạc nhiên, những cách cắt cơn đói tự nhiên, danh sách những loại thực phẩm chống tăng cân,... <em>Sống khỏe không rủi ro</em> sẽ trang bị cho độc giả bí kíp để có được bụng phẳng, eo theo, đời sống tình dục hoàn hảo và những giấc ngủ trên cả tuyệt vời! Hãy cùng bác sĩ kiêm tác giả best-seller Frédéric Saldmann học cách trở thành bác sĩ của chính bản thân bạn để có được một sức khỏe hoàn hảo mà không tốn một xu!</p>'),
(1088, 31, 'Lịch lãm như một quý ông', 128, 'Élisabeth Jammes , Étienne Pihouée', '2019-12-04', 108000, '2019-12-01', 'VUS3SN9L.jpg', '<p>Lịch lãm luôn là yếu tố tiên quyết tạo nên sức hấp dẫn cho phái mạnh. Với tất cả những ai đang loay hoay tìm kiếm phong cách, hoặc xây dựng hình ảnh người đàn ông hiện đại, thành công và thu hút, <em>Lịch lãm như một quý ông</em> chắc chắn là cuốn sách không thể bỏ qua.</p>\r\n<p>&nbsp;</p>\r\n<p>“Đã đến lúc phải ‘bật mí’ các quy tắc để mỗi quý ông đều có thể tránh những sai lầm trong ăn mặc và diện những bộ trang phục phù hợp, tạo phong cách tương xứng với từng hoàn cảnh để có một diện mạo tôn vinh giá trị bản thân”.</p>\r\n<p>&nbsp;</p>\r\n<p>“[…] Quần áo luôn biết nịnh; người lịch lãm không phải tôi, mà chính là bộ com lê tôi mặc trên người.”</p>\r\n<p>&nbsp;</p>\r\n<p>Cuốn sách, tựa như cuốn cẩm nang chi tiết, đầy đủ, với giọng văn thoải mái và những hình ảnh minh họa dễ chịu, đã chia sẻ những kiến thức từ cơ bản đến chuyên sâu về thời trang giúp phái mạnh xây dựng cho mình phong cách ấn tượng, lịch lãm, nam tính và nhất là khó quên.</p>'),
(1089, 31, 'Chó và mèo dưới lăng kính khoa học', 62, 'Antonio Fischetti', '2019-11-28', 125000, '2019-11-21', 'BBE4TZ7X.jpg', 'Bạn có nuôi chó hoặc mèo? Chắc hẳn là bạn rất thân thiết với người bạn bốn chân ấy. Vậy bạn có hiểu những hành vi, cử chỉ của “boss”? Chẳng hạn, tại sao chó lại vẫy đuôi cả khi vui mừng lẫn khi căng thẳng? Có nên nhìn thẳng vào mắt một con chó đang giận dữ? Những tiếng gừ gừ của mèo có ý nghĩa gì? Tại sao mèo lại khó tính với đồ ăn đến thế?\r\n\r\n \r\n\r\nThông qua rất nhiều thí nghiệm, các bác sĩ thú y và nhà khoa học đã cố gắng giải mã những bí ẩn trong hành vi, thói quen… của chó và mèo, giúp ta hiểu thêm về những người bạn bốn chân này.\r\n\r\n \r\n\r\nMột cẩm nang không thể thiếu đối với một “sen” chính hiệu!'),
(1090, 31, 'Địa chính trị của loài muỗi - Khái lược của toàn cầu hoá', 328, 'Erik Orsenna', '2019-10-04', 108000, '2019-09-29', 'BPWOYP2B.jpg', 'Từ 250 triệu năm trước, muỗi đã có mặt trên Trái đất, vậy nhưng chúng chẳng nán lại lâu la gì: vòng đời trung bình của một con muỗi là 30 ngày. Rất đông đúc (3564 loài), có mặt trên khắp các châu lục, chúng giết người vô tội vạ (750 000 người mỗi năm)! Khi chúng vo ve bên tai ta thì không phải chỉ là để quấy rầy giấc khuya của ta, mà còn là để kể cho chúng ta một câu chuyện : câu chuyện về những đường biên giới bị xóa nhòa, về những đột biến không ngừng, về những cuộc chiến đấu để sinh tồn. Và đặc biệt là câu chuyện tay ba giữa muỗi, ký sinh trùng và con mồi (chính là chúng ta).\r\n\r\n \r\n\r\nCâu chuyện của loài muỗi trong bối cảnh toàn cầu hóa được Erik Orsenna kể lại một cách hài hước và vô cùng chi tiết khiến độc giả vừa sợ hãi trước những căn bệnh do loài vật bé nhỏ này lây truyền, vừa thán phục trước khả năng thích ứng thông minh tuyệt vời của chúng để sinh tồn.'),
(1091, 25, 'Lịch triều tạp kỷ', 604, 'Cao Lãng biên soạn , Xiển Trai bổ sung', '2021-04-12', 235000, '2021-04-08', '6KCM16U4.jpg', '<p><strong>Lịch triều tạp kỷ</strong> do Cao Lãng biên soạn, Xiển Trai con trai tác giả bổ sung, là một cuốn sử ghi chép khá toàn diện về giai đoạn lịch sử cuối thời Lê-Trịnh. Trong khoảng thời gian kéo dài hơn 100 năm, từ Lê Gia Tông năm Dương Đức thứ nhất (1672) đến Lê Mẫn đế năm Chiêu Thống thứ tư (1789), hầu hết các phương diện trong đời sống chính trị, xã hội ở Đàng ngoài đều được tác giả ghi nhận, từ các pháp lệnh được ban ra ở chính quyền trung ương, trong đó có vai trò chủ đạo của phủ chúa, đến các hoạt động của quan quân và dân chúng ở địa phương. Các sự kiện chính trị, kinh tế, văn hóa, giáo dục, quân sự được ghi chép một cách khá đầy đủ, kỹ lưỡng và sinh động.</p>\r\n<p>&nbsp;</p>\r\n<p>Tuy là một cuốn sử do tư nhân biên soạn, nhưng với những ghi chép cung phu, nghiêm túc, có thể xem <strong>Lịch triều tạp kỷ</strong> như là cuốn sử tiếp nối pho <em>Việt sử trục biên</em> nằm trong bộ <em>Đại Việt sử ký toàn thư</em>. Đó chắc chắn là nguồn sử liệu rất quý báu đối với bạn đọc hôm nay về giai đoạn lịch sử từ cuối thế kỷ XVII đến cuối thế kỷ XVIII.</p>'),
(1092, 25, 'Chuyện phiếm sử học', 284, 'Tạ Chí Đại Trường', '2021-04-06', 120000, '2021-04-04', 'AJZ467BW.jpg', '<p>“Tạ Chí Đại Trường là một nhà sử học có tính độc lập và&nbsp;phong cách riêng trong nghiên cứu lịch sử. Ông có những&nbsp;công trình nghiên cứu sâu sắc trên phương pháp luận sử học&nbsp;nghiêm túc mà tiêu biểu là&nbsp;<em>Lịch sử nội chiến Việt Nam từ 1771 đến&nbsp;1802</em>. Các&nbsp;tác phẩm của Tạ Chí Đại Trường mang nặng tính&nbsp;suy ngẫm lịch sử, gần như một thứ triết lý lịch sử, như&nbsp;<em>Những&nbsp;bài dã sử Việt</em>,&nbsp;hay&nbsp;<em>Thần, người và đất Việt</em>. Tạ Chí Đại Trường luôn nhìn lịch sử Việt&nbsp;Nam với tấm lòng của một con người Việt Nam.”</p>\r\n<p>- GS Phan Huy Lê</p>\r\n<p><em>&nbsp;</em></p>\r\n<p>“Khi chúng ta đọc các tác phẩm của Tạ Chí Đại Trường, chúng ta thấy có một sự tìm kiếm sự thật rất là công phu, có sự nhận định và lý luận rất thẳng thắn. Nó khác với các quan điểm của các sử quan ngày trước, và đến mãi sau này nữa, là dùng lịch sử như là một dụng cụ để củng cố chế độ đương quyền…”</p>\r\n<p>- Nguyễn Gia Kiểng</p>\r\n<p>&nbsp;</p>\r\n<p>“Tạ Chí Đại Trường còn là một ngòi bút thực thụ. Mỗi tác phẩm lịch sử của ông đều thật sự là một tác phẩm văn học đáng giá…”</p>\r\n<p>- Nguyên Ngọc</p>'),
(1093, 26, 'Luận về yêu', 256, 'Alain de Botton', '2022-04-12', 96000, '2022-04-01', '35I2XI5F.jpg', '<div><strong>Sơ lược về tác phẩm</strong></div>\r\n<div>&nbsp;</div>\r\n<div>\r\n<div>Cuốn&nbsp;sách&nbsp;này&nbsp;chứa&nbsp;đựng&nbsp;chính&nbsp;xác&nbsp;những&nbsp;gì&nbsp;lâu&nbsp;nay&nbsp;ta&nbsp;vẫn&nbsp;muốn&nbsp;biết&nbsp;về&nbsp;tình&nbsp;yêu:&nbsp;không&nbsp;thiếu&nbsp;ảo&nbsp;tưởng&nbsp;nhưng&nbsp;</div>\r\n<div>cũng&nbsp;đầy&nbsp;sáng&nbsp;suốt,&nbsp;mê&nbsp;đắm&nbsp;nhưng&nbsp;biết&nbsp;giữ&nbsp;khoảng&nbsp;cách,&nbsp;nồng&nbsp;nhiệt&nbsp;và&nbsp;rất&nbsp;hài&nbsp;hước&nbsp;nhưng&nbsp;cùng&nbsp;lúc&nbsp;ngập&nbsp;tràn&nbsp;</div>\r\n<div>phân&nbsp;tích&nbsp;lạnh&nbsp;lùng.&nbsp;Chính&nbsp;khía&nbsp;cạnh&nbsp;“phân&nbsp;tích”&nbsp;này&nbsp;làm&nbsp;nên&nbsp;sự&nbsp;hấp&nbsp;dẫn&nbsp;nhất&nbsp;của&nbsp;Luận&nbsp;về&nbsp;yêu,&nbsp;vì&nbsp;tác&nbsp;giả&nbsp;đã&nbsp;sử&nbsp;</div>\r\n<div>dụng&nbsp;những&nbsp;triết&nbsp;thuyết&nbsp;tưởng&nbsp;chừng&nbsp;khô&nbsp;cứng&nbsp;để&nbsp;tiếp&nbsp;cận&nbsp;tình&nbsp;yêu&nbsp;một&nbsp;cách&nbsp;thấu&nbsp;đáo,&nbsp;từ&nbsp;rất&nbsp;nhiều&nbsp;phương&nbsp;diện,&nbsp;kể&nbsp;cả&nbsp;những&nbsp;phương&nbsp;diện&nbsp;mà&nbsp;những&nbsp;người&nbsp;đang&nbsp;yêu&nbsp;thường&nbsp;muốn&nbsp;giấu&nbsp;kín.</div>\r\n<div>&nbsp;</div>\r\n<div>Luận&nbsp;về&nbsp;yêu,&nbsp;tác&nbsp;phẩm&nbsp;thời&nbsp;trẻ&nbsp;của&nbsp;Alain&nbsp;de&nbsp;Botton,&nbsp;hiện&nbsp;nay&nbsp;là&nbsp;một&nbsp;nhà&nbsp;văn,&nbsp;triết&nbsp;gia&nbsp;và&nbsp;diễn&nbsp;giả&nbsp;nổi&nbsp;tiếng&nbsp;thế&nbsp;giới,&nbsp;</div>\r\n<div>còn&nbsp;đặc&nbsp;biệt&nbsp;hấp&nbsp;dẫn&nbsp;vì&nbsp;tùy&nbsp;theo&nbsp;tạng&nbsp;riêng&nbsp;của&nbsp;mình,&nbsp;độc&nbsp;giả&nbsp;có&nbsp;thể&nbsp;đọc&nbsp;nó&nbsp;như&nbsp;một&nbsp;tập&nbsp;tiểu&nbsp;luận&nbsp;sâu&nbsp;sắc,&nbsp;hoặc&nbsp;như&nbsp;một&nbsp;cuốn&nbsp;tiểu&nbsp;thuyết&nbsp;vô&nbsp;cùng&nbsp;hấp&nbsp;dẫn&nbsp;và&nbsp;không&nbsp;hề&nbsp;thiếu&nbsp;kịch&nbsp;tính.</div>\r\n<div>&nbsp;</div>\r\n<div><strong>Nhận định</strong></div>\r\n<div>&nbsp;</div>\r\n<div>\r\n<div>“Trong&nbsp;một&nbsp;cuốn&nbsp;tiểu&nbsp;thuyết&nbsp;đầu&nbsp;tay&nbsp;khéo&nbsp;léo&nbsp;và&nbsp;đầy&nbsp;mỉa&nbsp;mai,&nbsp;có&nbsp;thể&nbsp;nói&nbsp;rằng&nbsp;Alain&nbsp;de&nbsp;Botton&nbsp;đã&nbsp;cầm&nbsp;tiếp&nbsp;ngọn&nbsp;đuốc&nbsp;ở&nbsp;nơi&nbsp;Stendhal&nbsp;để&nbsp;nó&nbsp;lại.”</div>\r\n<div>-&nbsp;The&nbsp;New&nbsp;Republic</div>\r\n<div>&nbsp;</div>\r\n<div>“[Cuốn&nbsp;sách]&nbsp;thông&nbsp;minh,&nbsp;hài&nbsp;hước,&nbsp;tinh&nbsp;tế,&nbsp;có&nbsp;kết&nbsp;cấu&nbsp;khéo&nbsp;léo,&nbsp;rất&nbsp;thông&nbsp;thái,&nbsp;với&nbsp;những&nbsp;soi&nbsp;rọi&nbsp;đặc&nbsp;biệt&nbsp;sáng&nbsp;suốt.”</div>\r\n<div>-&nbsp;The&nbsp;Spectator</div>\r\n</div>\r\n</div>'),
(1094, 26, 'Nỗi lo về địa vị - TB', 352, 'Alain de Botton', '2020-10-06', 115000, '2020-06-05', '83N7WZCP.jpg', '<p>Trong đời sống hẳn ai cũng từng có nỗi lo lắng về địa vị, có thể là nỗi tự ti ngấm ngầm hay cảm giác thua thiệt; có thể là sự ghen tị hay mối lo bị thiên hạ coi như một kẻ thất bại. Dù xét trên bình diện nào, nỗi lo âu về địa vị vẫn luôn là chủ đề tươi mới, khi con người hoài mong và tìm kiếm cho mình một chỗ đứng giữa đồng loại. Con người dường như ngày càng nhiều nỗi lo âu hơn, khó thỏa mãn hơn, bất chấp sự phát triển nhanh chóng của nền kỹ nghệ và của xã hội tiêu dùng.</p>\r\n<p>Để truy tìm căn nguyên, de Botton sử dụng lập luận dựa trên bốn địa hạt chính là Triết học, Tôn giáo, Chính trị và Nghệ thuật, nhưng không vì thế mà&nbsp;<em>Nỗi lo âu về địa vị</em>&nbsp;sa vào kinh viện. Có thể không phải là một chuyên luận chuẩn mực và thấu đáo về triết học hay xã hội học làm vừa lòng các bậc thức giả đạo mạo, nhưng cuốn sách vẫn có thể khiến độc giả choáng ngợp với lượng kiến thức đồ sộ được chuyển tải bằng văn phong lúc trang nhã cổ kính lúc thời thượng khôi hài.</p>\r\n<p>Bằng một lối nhàn đàm đậm chất de Botton,&nbsp;<em>Nỗi lo âu về địa vị</em>&nbsp;là một cuốn sách mở ra nhiều cuốn sách.</p>\r\n<p>“Một cuốn sổ tay hướng dẫn nghiêm túc nhưng cũng đầy khôi hài về cách sống.”</p>\r\n<p>---&nbsp;<em>GQ</em></p>'),
(1095, 27, 'Tâm lý người An Nam', 264, 'Paul Giran', '2019-06-17', 90000, '2019-06-06', '9Z6VRIBE.jpg', '<p>“<em>Trên hết, người An Nam giữ mối hằn thù thâm sâu đối với bất cứ kẻ ngoại bang nào có thể tới để đánh bật họ ra khỏi tín ngưỡng, tập tục và định chế của họ. Dù cho người Trung Quốc hay người châu Âu đến xâm lăng xứ sở, sai khiến họ nhân danh một người chủ này hay người chủ kia, điều đó chẳng mấy quan trọng đối với họ, chừng nào người ta còn tôn trọng tôn giáo, luật lệ và tập quán của họ.</em>”</p>\r\n<p>&nbsp;</p>\r\n<p>Paul Giran, một quan chức của chính quyền Đông Dương thuộc địa, có tham vọng tường giải tâm lý dân tộc An Nam, bằng một cuộc truy nguyên về cội nguồn dân tộc đó ở đại gia đình dòng giống Mông Cổ chiếm cứ vùng trung tâm châu Á, đánh giá những nhân tố tác động thuộc về môi trường tự nhiên và nhân văn, để rồi đúc kết nên cá tính và tâm hồn bản địa trải qua cuộc tiến hóa dài lâu của lịch sử. Với kiến văn sắc sảo và sự hiểu biết khá phong phú của Paul Giran về lịch sử, ngôn ngữ, tôn giáo và văn hóa Việt Nam, <strong><em>Tâm lý người An nam</em></strong> là một tư liệu có giá trị lịch sử, chí ít là khi đối sánh với tâm lý thực dân cai trị.</p>\r\n'),
(1096, 27, 'Bốn thoả ước', 179, 'Don Miguel Ruiz', '2019-03-04', 48000, '2019-02-26', 'FJ4VP3OM.jpg', '<p><em>Bốn thỏa ước - Chỉ dẫn thiết thực để đạt đến tự do cá nhân,</em>&nbsp;cuốn sách 6 năm liền đứng trong top bestseller của&nbsp;<em>The New York Times</em>&nbsp;và bán được hơn 4 triệu bản trên toàn thế giới của tác gia người Mexico Don Miguel Ruiz vừa đến với độc giả Việt Nam qua bản dịch của dịch giả Nguyễn Trung Kỳ.</p>\r\n<p>Được xem là những chứng nghiệm của Don Miguel Ruiz về tồn tại và hạnh phúc của con người, cuốn&nbsp;sách đã đưa đến những dẫn giải và thực hành cơ bản nhất để đạt tới tự do tinh thần cũng như sự khai phóng cá nhân với những quan điểm rất gần với tư tưởng Phật giáo.</p>\r\n<p>Theo Don Miguel Ruiz, xã hội duy lý có tổ chức cần thiết để duy trì đời sống của cộng đồng, tuy nhiên với những luật định và giá trị (áp đặt) luôn có nguy cơ thoái hóa và bị lợi dụng, xã hội đó lại chính là “địa ngục”, “biển khổ” trần gian ngăn cản con người trở về với chân tính, với niềm vui sống đích thực của mình.</p>\r\n<p>Từ đó, Don Miguel Ruiz&nbsp;đã đưa ra ba thỏa ước khởi đầu:&nbsp;<em>Không phạm tội với lời nói của bạn</em>&nbsp;- được hiểu là không dễ dãi, máy móc lặp lại những quan niệm và thành kiến của mọi người xung quanh khi nhìn nhận một vấn đề hay con người nào đó, hoặc khi đánh giá chính mình;<em>Không vơ mọi chuyện vào mình</em>&nbsp;- là không ngộ nhận, không có sự đánh giá nào từ bên ngoài lại thực sự phù hợp với bạn và có thể tác động lên chính cuộc sống của bạn;&nbsp;<em>Không giả định, phỏng đoán</em>&nbsp;- vì giả định, phỏng đoán thực chất cũng chỉ là lặp lại những thiên kiến, thành kiến sẵn có về sự vật, nó không thể cho bạn biết ý nghĩa đích thực của điều đang diễn ra.</p>\r\n<p>Với ba thỏa ước trên, tác giả nhằm nhấn mạnh vào mối quan hệ cá nhân với cộng đồng, trong đó đề cao bản lĩnh cá nhân, chủ kiến, lòng tự tin, trung thực mà thực chất là sự quay về với con người độc lập, với bản tính tự nhiên sẵn có một cách có ý thức. Cuối cùng là thỏa ước thứ tư&nbsp;<em>Hãy làm hết khả năng của mình</em>&nbsp;như là nguyên lý thực hành căn bản để khai phóng “cái tôi” của con người.</p>\r\n<p>Tác giả Don Miguel Ruiz sinh năm 1952 trong một gia đình ở nông thôn Mexico. Lên đại học, ông chọn thi trường Y rồi trở thành một bác sĩ khoa ngoại. Ngoài&nbsp;<em>Bốn thỏa ước</em>&nbsp;được xuất bản lần đầu năm 1997, ông còn viết nhiều cuốn khác, trong đó nổi bật nhất là&nbsp;<em>Beyond Fear</em>&nbsp;(1997) và<em>The Mastery of Love</em>&nbsp;(2002).</p>');
INSERT INTO `sach` (`id_sach`, `id_danhmuc`, `ten_sach`, `sotrang_sach`, `tacgia`, `ngayphathanh`, `gia`, `namxb`, `hinhanh`, `mota`) VALUES
(1097, 28, 'Thế lưỡng nan cho nhà lãnh đạo', 420, 'Jocko Willink , Leif Babin', '2020-03-25', 180000, '2020-03-15', '9X4IJDSY.jpg', '<p>Trong hầu hết các tình huống thực tế, nhà lãnh đạo luôn ở vào thế lưỡng nan. Nếu quá áp đặt, đội nhóm sẽ miễn cưỡng thực thi mà thiếu sự linh hoạt, chủ động; nếu quá mềm mỏng, đội nhóm lơi lỏng kỷ cương, kém hiệu quả. Nếu quá vội vàng, họ có nguy cơ làm hỏng nhiệm vụ; nhưng nếu chờ đợi quá lâu mới hành động, kết quả có thể tai hại không kém. Nhà lãnh đạo còn có thể làm tổn thương đời sống cá nhân của mình nếu quá tập trung vào công việc; hoặc có thể bỏ bê công việc nếu dành quá nhiều thời gian với gia đình. Những thế lưỡng nan này là vô tận, và mỗi lần lại đòi hỏi một sự cân bằng khác nhau.</p>\r\n<p>Theo các tác giả, những sự cân bằng đó có thể chia thành: Cân bằng con người, Cân bằng nhiệm vụ và Tự cân bằng bản thân. Và lần lượt 12 chương sách của cuốn sách này sẽ giúp chúng ta cân bằng những thể lưỡng nan trong lãnh đạo qua những tình huống thực tế cả trong chiến đấu và kinh doanh, với những nguyên tắc cụ thể, rõ ràng như: Quyết đoán nhưng không áp chế; Quyết liệt nhưng không liều lĩnh; Khiêm nhường nhưng không thụ động...</p>\r\n<p>Giống như nhiều thách thức trong lãnh đạo, tìm kiếm và duy trì sự cân bằng không dễ dàng; đôi khi nó còn đẩy người lãnh đạo đổi mặt với những thách thức gắt gao hơn. Nhưng khi nhận thức và hiểu rõ hơn về thế lưỡng nan của lãnh đạo, người lãnh đạo có thể giải phóng năng lực hoạt động ở mức cao nhất, cho phép họ cùng đội nhóm của mình thống trị mọi chiến trường và giành chiến thắng</p>\r\n<p>&nbsp;</p>\r\n<p>TÁC GIẢ:<br>Jocko Willink và Leif Babin là hai cựu sĩ quan Hải quân SEAL Mỹ, từng phục vụ trong những cuộc chiến dữ dội nhất tại Iraq. Vào năm 2010, sau khi rời binh nghiệp, hai người đã thành lập công ty tư vấn lãnh đạo cho các doanh nghiệp mang tên Echolon Front. Công ty đã đạt được những thành công lớn, với việc hợp tác cùng hơn 400 doanh nghiệp lớn và nhỏ trên toàn thế giới.<br>Jocko Willink từng là chỉ huy Đội Đặc nhiệm Bruiser của đội SEAL 3, tham chiến trong các cuộc chiến khốc liệt nhất trong cuộc chiến chống quân nổi dậy tại Ramadi, Iraq. Ông được vinh dự nhận huân chương Ngôi sao Bạc (Silver Star) và Ngôi sao Đồng (Bonze Star) cho các đóng góp của mình và được phong hàm Thiếu tá Hải quân.<br><br>Leif Babin có 13 năm phục vụ Hải quân Mỹ, trong đó có 9 năm tham gia các đội SEAL, từng là chỉ huy trung đội trong Đội Đặc nhiệm Bruiser thuộc đội SEAL 3, tham chiến trong những cuộc chiến dữ dội nhất tại Ramadi, Iraq.</p>\r\n<p>&nbsp;</p>'),
(1098, 28, 'How Business Works - Hiểu hết về kinh doanh', 351, '', '2020-01-08', 380000, '0020-01-04', 'EHCSIHSQ.jpg', '<p>Một trong những cuốn cẩm nang về Kinh doanh dễ hình dung nhất từ trước tới nay!</p>\r\n<p>&nbsp;</p>\r\n<p>Tại sao dòng tiền lại quan trọng? Sản xuất tinh gọn là gì? Marketing kỹ thuật số hoạt động ra sao? Thành viên hội đồng quản trị gồm những ai? Mua bán doanh nghiệp là gì? Cấu trúc doanh nghiệp ra sao? Khấu hao là gì? Trách nhiệm xã hội của doanh nghiệp ra sao? Làm thế nào để có thể thành công trong thị trường toàn cầu của thế kỷ 21?</p>\r\n<p>&nbsp;</p>\r\n<p>Với những hình ảnh bắt mắt, đơn giản, không sử dụng thuật ngữ, <strong><em>How business works</em></strong></p>\r\n<p><strong><em>- Hiểu hết về kinh doanh</em></strong> giải thích mọi khái niệm liên quan đến lĩnh vực kinh doanh, biến những khái niệm khó hiểu nhất trở nên dễ hiểu. Mọi khía cạnh của hoạt động kinh doanh sẽ được xem xét, phân tích giúp độc giả hiểu rõ hơn về kinh doanh, và cách các hình thái kinh doanh định hình xã hội hiện đại.</p>\r\n<p>&nbsp;</p>\r\n<p>Dù bạn đang muốn thăng tiến trong công việc, khởi sự doanh nghiệp của riêng mình hay chỉ đơn giản là muốn hiểu rõ hơn thế giới kinh doanh và tài chính, <strong><em>How business works</em></strong></p>\r\n<p><strong><em>- Hiểu hết về kinh doanh</em></strong> chính là cuốn cẩm nang không thể bỏ qua!</p>'),
(1099, 29, 'Các thế giới song song', 483, 'Michio Kaku', '2020-03-03', 128000, '2020-03-01', 'GFAC9WGQ.jpg', 'Một chuyến du hành đầy trí tuệ qua các vũ trụ, được dẫn dắt tài tình bởi \"thuyền trưởng\" Michio Kaku và độc giả có dịp chiêm ngưỡng vẻ đẹp kì vĩ của vũ trụ kể từ vụ nổ lớn, vượt qua những hố đen, lỗ sâu, bước vào các thế giới lượng tử muôn màu kì lạ nằm ngay trước mũi chúng ta, vốn dĩ tồn tại song song trên một màng bên ngoài không - thời gian bốn chiều, ngắm nhìn thực tại vật chất quen thuộc hòa quyện với thế giới của những điều diệu kỳ như năng lượng và vật chất tối, sự này chồi của các vũ trụ, những chiều không gian bí ẩn và sự biến ảo của các dây rung siêu nhỏ...\r\n\r\nDẫn chuyện lôi cuốn, kết hợp tường minh, sống động một lượng thông tin, đồ sộ để khai mở những giới hạn tột cùng của trí tưởng tượng, Kaku thực sự xứng đáng là \"nhà truyền giáo\" vĩ đại đã mang thế giới vật lý lý thuyết tới quảng đại quần chúng.'),
(1100, 29, 'Vũ trụ - Giải HUGO 1981 (Tái bản)', 572, 'Carl Sagan', '2018-05-01', 149000, '2018-04-22', '2CB9C63S.jpg', '<div>\r\n<div class=\"rtecenter\"><strong>BẢY MƯƠI TUẦN TRÊN DANH MỤC SÁCH BÁN CHẠY CỦA TỜ NEW YORK TIMES</strong></div>\r\n<div class=\"rtecenter\"><strong>MỘT TRONG NHỮNG ĐẦU SÁCH KHOA HỌC BÁN CHẠY NHẤT ĐƯỢC XUẤT BẢN BẰNG TIẾNG ANH</strong></div>\r\n<div class=\"rtecenter\"><strong>GIẢI THƯỞNG HUGO 1981</strong></div>\r\n<div class=\"rtecenter\">&nbsp;</div>\r\n<div>Mười ba câu chuyện tuyệt đẹp về Vũ trụ. Qua lời kể trữ tình của Carl Sagan, người đọc sẽ có dịp du hành trong vũ trụ, khám phá thế giới từ vĩ mô của những thiên hà to lớn đến thế giới vi mô của những con vi khuẩn nhỏ bé trên Trái đất, đi từ những nền văn minh xa xưa đến tương lai của thế giới, cho ta thấy mối gắn bó hữu cơ của từng sự việc nhỏ nhặt với vũ trụ bao la và nghe những giọng điệu nhiều bè của Vũ trụ. Vũ trụ đã chỉ là vũ trụ vô tri, hỗn độn, mà còn là một thế giới có trật tự, có tri giác, đầy nhân văn và xúc cảm. Cuốn sách của Carl Sagan, một nhà thiên văn học nổi tiếng đã bán được hơn 5 triệu bản trên toàn thế giới.</div>\r\n<div>&nbsp;</div>\r\n<div>\r\n<div><strong>Lời khen tặng dành cho Vũ trụ</strong></div>\r\n<div>&nbsp;</div>\r\n<div>“Cuốn&nbsp;<em>Vũ trụ</em>&nbsp;giống như một khóa giảng đại học về khoa học mà bạn luôn muốn nghe nhưng không biết vị giáo sư nào có thể dạy. Sagan viết tuyệt vời. Với phong cách văn chương trữ tình, với sự bao quát gần như mọi mặt của tri thức loài người,&nbsp;<em>Vũ trụ</em>&nbsp;tài tình đến mức tưởng như không có thật.”</div>\r\n<div>–&nbsp;<em>Cleveland Plain Dealer</em></div>\r\n<div>&nbsp;</div>\r\n<div>“Carl Sagan là một trong số những nhà khoa học xuất sắc nhất của thời đại chúng ta… Ông đã làm công việc viết lách cừ khôi khi đào sâu vào quá khứ, hiện tại và tương lai của khoa học, trong việc xử lý sự bao la gây choáng váng trí óc của cái vũ trụ mà trong đó chúng ta đang tồn tại.”</div>\r\n<div>-&nbsp;<em>Associated Press</em></div>\r\n<div>&nbsp;</div>\r\n<div>“Xuất sắc về quy mô và thách thức về những gợi ý. Cuốn sách tỏa ánh sáng lung linh với một cảm giác ngạc nhiên kỳ lạ… Tôi tin chắc rằng bất cứ ai cầm cuốn sách này lên đều bị hút chặt vào nó và cảm thấy thấp bé đi vì nó.”</div>\r\n<div>–&nbsp;<em>Miami Herald</em></div>\r\n</div>\r\n</div>\r\n<div>&nbsp;</div>'),
(1101, 29, 'Hoàng tủ mây', 328, 'Christophe Galfard', '2012-06-12', 82000, '2012-06-06', 'IU98GZNK.jpg', '<p>Blueberry giống bao ngôi làng khác, chỉ có điều nó được dựng lên trên một đám mây. Cậu học trò lười Tristam sống ở đó cũng ngẩn ngơ đúng như người trên mây. Cho đến một ngày, đội quân xâm lược của Tyran kéo đến ngôi làng, bắt đi công chúa vương quốc mây, và Tristam bị cuốn vào một cuộc phiêu lưu ly kỳ trên bầu trời để giải cứu công chúa!<br><br>Đó là một hành trình gian nan và cam go nhưng bất ngờ và thú vị. Để tìm ra vũ khí tối thượng của Tyrant và đánh bại hắn, Tristam đã phải giải đáp vô số câu hỏi về chính vương quốc của mình: Những đám mây được hình thành ra sao? Sấm chớp và bão giông từ đâu mà có? Tại sao bầu trời lại xanh?...&nbsp; Các tình tiết đậm chất tiểu thuyết được đan cài với kiến thức khoa học về bầu trời cùng vô số tranh minh họa hấp dẫn đã làm nên một trong những cuốn sách lý thú nhất đến từ ngành xuất bản Pháp. Thực sự là một tác phẩm đầu tay đáng được đón chờ của Christophe Galfard.<br><br><strong>Đôi nét về tác giả</strong><br><br>Christophe Galfard sinh năm 1976 tại Pháp. Anh được nhận bằng tiến sĩ vật lý lý thuyết tại Đại học Cambridge và là một trong số ít sinh viên được nhà vật lý thiên văn nổi tiếng Stephen Hawking trực tiếp hướng dẫn.<br><br>Chuyên nghiên cứu về hố đen và nguồn gốc vũ trụ, Christophe Galfard là đồng tác giả của Chìa khóa vũ trụ của George cùng Lucy và Stephen Hawking, cuốn sách từng được dịch ra hơn 35 thứ tiếng.<br><br><br><strong>Nhận định của báo chí về tác phẩm</strong><br><br>Độc giả trẻ phát điên vì Hoàng tử mây.&nbsp;<strong><em>- Paris Match</em></strong><br><br>Làm thế nào biến khoa học thành một trò chơi và giải thích nó cho bọn trẻ? Nhiệm vụ tưởng như bất khả thi ấy đã được Christophe Galfard hoàn thành xuất sắc.&nbsp;<strong><em>- Le Figaro Magazine</em></strong></p>'),
(1102, 30, 'Các loài quý hiếm vùng Trường Sơn - Sự sống nơi dãy núi hùng vĩ giữa Việt Nam và Lào', 43, 'Eric Losh', '2017-12-06', 66000, '2017-12-01', 'CFGRMEF1.jpg', '<p>Ai trong chúng ta có thể nói mình biết về Trường Sơn, một kho tàng thiên nhiên của đất nước? Cùng tham gia chuyến hành trình xuyên rừng Lào Việt của một người cha và hai con, chúng ta sẽ đi dọc các con sông, băng rừng tre, trèo vách đá, vào rừng nhiệt đới, khám phá thế giới diệu kỳ của những loài động vật hoang dã vùng rừng núi Trường Sơn, một kho báu của cả Đông Nam Á.</p>\r\n<p>&nbsp;</p>\r\n<p>Cuốn sách nhỏ này là tâm huyết của các nhà bảo tồn thiên nhiên hoang dã của Dự án Anoulak. Sau nhiều năm sống chung với các loài quý hiếm vùng Trường Sơn, họ đã tái tạo vẻ đẹp và sự kỳ diệu của thiên nhiên nơi ấy.&nbsp;Với lối dẫn chuyện nhẹ nhàng, lôi cuốn, những thông tin cô đọng, và tranh vẽ sinh động, đầy màu sắc, cuốn sách khiến ta như được dịp làm một chuyến thực địa thu nhỏ đến những vùng rừng núi hùng vĩ, và làm ta suy nghĩ sâu sắc về những nguy cơ mà kho báu này đang phải đối mặt. Một cuốn sách thật hữu ích, giúp vun bồi tình yêu thiên nhiên và ý thức bảo vệ môi trường cho các em.</p>\r\n<p>&nbsp;</p>\r\n<p>Là sách song ngữ,&nbsp;<em>Các loài quý hiếm vùng Trường Sơn&nbsp;</em>còn là một phương tiện tuyệt vời để các em có cơ hội thực tập tiếng Anh thông qua một đề tài đầy say mê, thú vị.</p>'),
(1103, 30, 'Về bản tính người', 432, 'Edward O. Wilson', '2014-12-08', 105000, '2014-12-03', 'W4GMLG6K.jpg', '<p>Không một người nào thực sự quan tâm đến tương lai nhân lọai mà có thể bỏ qua cuốn sách VỀ BẢN TÍNH NGƯỜI của E. O. Wilson. Hành ci của con người có bị kiểm soát bởi di sản sinh học của giống loài không? Di sản này có khiến cho số phận loài người bị giới hạn không? Bằng trí tuệ sắc sảo và văn phong giản dị, nhà bác học nổi tiếng thế giới, hai lần đoạt giải Pulitzer đặt nghi vấn về nhiều ngộ nhận phổ biến hiện nay vè hành vi của loài người, và tìm cách lý giải hành vi của loài người ừ góc độ sinh học, qua đó ông đề nghị chúng ta không xem loài người như một loài hoàn toàn ngoại lệ, cho dẫu con người đã đạt được những thành tựu lớn lao đến đâu và mặc dù có sự thiên vị tự nhiên do bởi bản thân chúng ta thuộc loài người.</p>\r\n<p><em>\" WILSON là một tác gia tinh tế và hết sức nhân văn. Kiến giải của ông có sức mạnh giải phóng, và người đọc cuốn sách tuyệt diệu này sẽ cảm nhận được một mối liên hệ ruột rà tồn tại giữa những con người, các loài thú và con trùng sống chung trên trái đất.\"</em></p>\r\n<p><em>&nbsp; &nbsp; &nbsp; &nbsp; &nbsp; &nbsp; &nbsp; &nbsp; &nbsp; &nbsp; &nbsp; &nbsp; &nbsp; &nbsp; &nbsp; &nbsp; &nbsp; &nbsp; &nbsp; &nbsp; &nbsp; &nbsp; &nbsp; &nbsp; &nbsp; &nbsp; &nbsp; &nbsp; &nbsp; &nbsp; &nbsp; &nbsp;_ THE NEW YORKER _</em></p>');

-- --------------------------------------------------------

--
-- Cấu trúc bảng cho bảng `slider`
--

CREATE TABLE `slider` (
  `id_slider` int(11) NOT NULL,
  `ten_slider` varchar(50) NOT NULL,
  `hinhanh` varchar(50) NOT NULL
) ENGINE=InnoDB DEFAULT CHARSET=utf8mb4;

--
-- Đang đổ dữ liệu cho bảng `slider`
--

INSERT INTO `slider` (`id_slider`, `ten_slider`, `hinhanh`) VALUES
(1, 'Slider khuyến mãi', 'slider1.png'),
(2, 'Slider giảm giá', 'slider2.png'),
(3, 'Slider khuyến mãi', 'slider3.png');

-- --------------------------------------------------------

--
-- Cấu trúc bảng cho bảng `thongke`
--

CREATE TABLE `thongke` (
  `id_thongke` int(11) NOT NULL,
  `ngaythongke` date NOT NULL,
  `sohoadon` int(11) NOT NULL,
  `doanhthu` float NOT NULL,
  `soluongban` int(11) NOT NULL
) ENGINE=InnoDB DEFAULT CHARSET=utf8mb4;

--
-- Đang đổ dữ liệu cho bảng `thongke`
--

INSERT INTO `thongke` (`id_thongke`, `ngaythongke`, `sohoadon`, `doanhthu`, `soluongban`) VALUES
(9, '2022-09-20', 10, 3558370, 53),
(10, '2022-12-20', 6, 2632490, 39);

-- --------------------------------------------------------

--
-- Cấu trúc bảng cho bảng `trash_cthd`
--

CREATE TABLE `trash_cthd` (
  `id_hoadon` int(11) NOT NULL,
  `id_sach` int(11) NOT NULL,
  `soluong` int(11) NOT NULL,
  `giaohang` int(11) NOT NULL
) ENGINE=InnoDB DEFAULT CHARSET=utf8mb4;

-- --------------------------------------------------------

--
-- Cấu trúc bảng cho bảng `trash_danhmuc`
--

CREATE TABLE `trash_danhmuc` (
  `id_danhmuc` int(11) NOT NULL,
  `ten_danhmuc` int(11) NOT NULL,
  `id_parent` int(11) NOT NULL
) ENGINE=InnoDB DEFAULT CHARSET=utf8mb4;

-- --------------------------------------------------------

--
-- Cấu trúc bảng cho bảng `trash_hoadon`
--

CREATE TABLE `trash_hoadon` (
  `id_hoadon` int(11) NOT NULL,
  `id_nguoidung` int(11) NOT NULL,
  `sdt` varchar(100) NOT NULL,
  `diachi` varchar(100) NOT NULL,
  `tonghd` int(11) NOT NULL,
  `ngayhd` date NOT NULL,
  `ghichu` varchar(100) NOT NULL,
  `tinhtrang` int(11) NOT NULL,
  `trangthai` int(11) NOT NULL
) ENGINE=InnoDB DEFAULT CHARSET=utf8mb4;

-- --------------------------------------------------------

--
-- Cấu trúc bảng cho bảng `trash_khuyenmai`
--

CREATE TABLE `trash_khuyenmai` (
  `id_km` int(11) NOT NULL,
  `ten_ctkm` varchar(100) NOT NULL,
  `ngay_bd` date NOT NULL,
  `ngay_kt` date NOT NULL,
  `discount` double NOT NULL
) ENGINE=InnoDB DEFAULT CHARSET=utf8mb4;

-- --------------------------------------------------------

--
-- Cấu trúc bảng cho bảng `trash_nguoidung`
--

CREATE TABLE `trash_nguoidung` (
  `id_nguoidung` int(11) NOT NULL,
  `tennguoidung` varchar(100) NOT NULL,
  `gioitinh` varchar(10) NOT NULL,
  `sdt` varchar(100) NOT NULL,
  `diachi` varchar(255) NOT NULL,
  `email` varchar(100) NOT NULL,
  `matkhau` varchar(100) NOT NULL,
  `namsinh` date NOT NULL,
  `role` int(11) NOT NULL
) ENGINE=InnoDB DEFAULT CHARSET=utf8mb4;

-- --------------------------------------------------------

--
-- Cấu trúc bảng cho bảng `trash_sach`
--

CREATE TABLE `trash_sach` (
  `id_sach` int(11) NOT NULL,
  `id_danhmuc` int(11) NOT NULL,
  `ten_sach` varchar(255) NOT NULL,
  `sotrang_sach` int(11) NOT NULL,
  `tacgia` varchar(255) NOT NULL,
  `ngayphathanh` date NOT NULL,
  `gia` float NOT NULL,
  `namxb` date NOT NULL,
  `hinhanh` longtext NOT NULL,
  `mota` longtext NOT NULL
) ENGINE=InnoDB DEFAULT CHARSET=utf8mb4;

-- --------------------------------------------------------

--
-- Cấu trúc bảng cho bảng `trash_slider`
--

CREATE TABLE `trash_slider` (
  `id_slider` int(11) NOT NULL,
  `ten_slider` varchar(50) NOT NULL,
  `hinhanh` varchar(50) NOT NULL
) ENGINE=InnoDB DEFAULT CHARSET=utf8mb4;

--
-- Chỉ mục cho các bảng đã đổ
--

--
-- Chỉ mục cho bảng `admin`
--
ALTER TABLE `admin`
  ADD PRIMARY KEY (`id_admin`);

--
-- Chỉ mục cho bảng `cthd`
--
ALTER TABLE `cthd`
  ADD KEY `fk_cthd_idhd` (`id_hoadon`),
  ADD KEY `fk_cthd_masp` (`id_sach`);

--
-- Chỉ mục cho bảng `danhmuc`
--
ALTER TABLE `danhmuc`
  ADD PRIMARY KEY (`id_danhmuc`);

--
-- Chỉ mục cho bảng `giohang`
--
ALTER TABLE `giohang`
  ADD PRIMARY KEY (`id_giohang`);

--
-- Chỉ mục cho bảng `hoadon`
--
ALTER TABLE `hoadon`
  ADD PRIMARY KEY (`id_hoadon`),
  ADD KEY `fk_hd_iduser` (`id_nguoidung`);

--
-- Chỉ mục cho bảng `nguoidung`
--
ALTER TABLE `nguoidung`
  ADD PRIMARY KEY (`id_nguoidung`);

--
-- Chỉ mục cho bảng `sach`
--
ALTER TABLE `sach`
  ADD PRIMARY KEY (`id_sach`);

--
-- Chỉ mục cho bảng `slider`
--
ALTER TABLE `slider`
  ADD PRIMARY KEY (`id_slider`);

--
-- Chỉ mục cho bảng `thongke`
--
ALTER TABLE `thongke`
  ADD PRIMARY KEY (`id_thongke`);

--
-- AUTO_INCREMENT cho các bảng đã đổ
--

--
-- AUTO_INCREMENT cho bảng `admin`
--
ALTER TABLE `admin`
  MODIFY `id_admin` int(11) NOT NULL AUTO_INCREMENT, AUTO_INCREMENT=2;

--
-- AUTO_INCREMENT cho bảng `giohang`
--
ALTER TABLE `giohang`
  MODIFY `id_giohang` int(11) NOT NULL AUTO_INCREMENT, AUTO_INCREMENT=98;

--
-- AUTO_INCREMENT cho bảng `hoadon`
--
ALTER TABLE `hoadon`
  MODIFY `id_hoadon` int(11) NOT NULL AUTO_INCREMENT, AUTO_INCREMENT=2147483648;

--
-- AUTO_INCREMENT cho bảng `nguoidung`
--
ALTER TABLE `nguoidung`
  MODIFY `id_nguoidung` int(11) NOT NULL AUTO_INCREMENT, AUTO_INCREMENT=37;

--
-- AUTO_INCREMENT cho bảng `slider`
--
ALTER TABLE `slider`
  MODIFY `id_slider` int(11) NOT NULL AUTO_INCREMENT, AUTO_INCREMENT=14;

--
-- AUTO_INCREMENT cho bảng `thongke`
--
ALTER TABLE `thongke`
  MODIFY `id_thongke` int(11) NOT NULL AUTO_INCREMENT, AUTO_INCREMENT=11;

--
-- Các ràng buộc cho các bảng đã đổ
--

--
-- Các ràng buộc cho bảng `cthd`
--
ALTER TABLE `cthd`
  ADD CONSTRAINT `fk_cthd_idhd` FOREIGN KEY (`id_hoadon`) REFERENCES `hoadon` (`id_hoadon`),
  ADD CONSTRAINT `fk_cthd_masp` FOREIGN KEY (`id_sach`) REFERENCES `sach` (`id_sach`);

--
-- Các ràng buộc cho bảng `hoadon`
--
ALTER TABLE `hoadon`
  ADD CONSTRAINT `fk_hd_iduser` FOREIGN KEY (`id_nguoidung`) REFERENCES `nguoidung` (`id_nguoidung`);
COMMIT;

/*!40101 SET CHARACTER_SET_CLIENT=@OLD_CHARACTER_SET_CLIENT */;
/*!40101 SET CHARACTER_SET_RESULTS=@OLD_CHARACTER_SET_RESULTS */;
/*!40101 SET COLLATION_CONNECTION=@OLD_COLLATION_CONNECTION */;
